Profit Center,Valid To,Controlling Area,Valid From,Entered On,Created By,Field name of CO-PA characteristic,Department,Person Responsible for Profit Center,User Responsible,Currency,Successor profit center,Country/Region Key,Title,Name 1,Name 2,Name 3,Name 4,City,District,Street,PO Box,Postal Code,P.O. Box Postal Code,Language Key,Telebox number,Telephone 1,Telephone 2,Fax Number,Teletex number,Telex number,Data line,Printer name,Hierarchy Area,Company Code,Joint venture,Recovery Indicator,Equity type,Tax Jurisdiction,Region,Usage,Application,Procedure,Logical System,Lock indicator,PrCtr Formula Planning Template,Segment,Dummy function in length 1,Name,Long Text,Profit center short text for matchcode
149A,9999-12-31 00:00:00,GBV3,2019-04-01 00:00:00,2022-12-22 00:00:00,MKITTAKA,,,GB14,,,,,,,,,,,,,,,,EN,,,,,,,,,GB14,,,,,,,,,,,,,,,IAL,IAL,IAL
149T,9999-12-31 00:00:00,GBV3,2019-04-01 00:00:00,2022-12-22 00:00:00,MKITTAKA,,,GB14,,,,,,,,,,,,,,,,EN,,,,,,,,,GB14,,,,,,,,,,,,,,,PLB(HC)-CONS,PLB(HC)-CONS,PLB(HC)-CONS
14AA,9999-12-31 00:00:00,GBV3,2019-04-01 00:00:00,2022-12-22 00:00:00,MKITTAKA,,,GB14,,,,,,,,,,,,,,,,EN,,,,,,,,,GB14,,,,,,,,,,,,,,,PLANT & PJT 1,PLANT & PROJECT 1,PLANT & PJT 1
14AD,9999-12-31 00:00:00,GBV3,2019-04-01 00:00:00,2022-12-22 00:00:00,MKITTAKA,,,GB14,,,,,,,,,,,,,,,,EN,,,,,,,,,GB14,,,,,,,,,,,,,,,GENERAL ADMINISTRATI,GENERAL ADMINISTRATI,GENERAL ADMINISTRATI
14AM,9999-12-31 00:00:00,GBV3,2024-01-01 00:00:00,2024-11-13 00:00:00,ALCHAN,,,GB14,,,,,,,,,,,,,,,,EN,,,,,,,,,GB14,,,,,,,,,,,,,,,POWER & UTILITY,POWER & UTILITY,POWER & UTILITY
14BB,9999-12-31 00:00:00,GBV3,2019-04-01 00:00:00,2022-12-22 00:00:00,MKITTAKA,,,GB14,,,,,,,,,,,,,,,,EN,,,,,,,,,GB14,,,,,,,,,,,,,,,TYRE & MOBILITY,TYRE & MOBILITY,TYRE & MOBILITY
14BZ,9999-12-31 00:00:00,GBV3,2019-04-01 00:00:00,2022-12-22 00:00:00,MKITTAKA,,,GB14,,,,,,,,,,,,,,,,EN,,,,,,,,,GB14,,,,,,,,,,,,,,,MARINE,MARINE,MARINE
14CF,9999-12-31 00:00:00,GBV3,2019-04-01 00:00:00,2023-06-14 00:00:00,MKITTAKA,,,GB14,,,,,,,,,,,,,,,,EN,,,,,,,,,GB14,,,,,,,,,,,,,,,CFP,CFP,CFP
14CL,9999-12-31 00:00:00,GBV3,2025-01-01 00:00:00,2025-08-27 00:00:00,ALCHAN,,,GB14,,,,,,14CL,,,,,,,,,,EN,,,,,,,,,GB14,,,,,,,,,,,,,,,CAR LIFE,CAR LIFE,CAR LIFE
14CM,9999-12-31 00:00:00,GBV3,2025-01-01 00:00:00,2026-03-27 00:00:00,TNLE,,,GB14,,,,,,,,,,,,,,,,EN,,,,,,,,,GB14,,,,,,,,,,,,,,,CARMONEY,CARMONEY,CARMONEY
14CS,9999-12-31 00:00:00,GBV3,2019-04-01 00:00:00,2022-12-22 00:00:00,MKITTAKA,,,GB14,,,,,,,,,,,,,,,,EN,,,,,,,,,GB14,,,,,,,,,,,,,,,SOLAR POWER ASSETS,SOLAR POWER ASSETS,SOLAR POWER ASSETS
14CT,9999-12-31 00:00:00,GBV3,2019-04-01 00:00:00,2022-12-22 00:00:00,MKITTAKA,,,GB14,,,,,,,,,,,,,,,,EN,,,,,,,,,GB14,,,,,,,,,,,,,,,PLB(HC),PLB(HC),PLB(HC)
14EG,9999-12-31 00:00:00,GBV3,2019-04-01 00:00:00,2022-12-22 00:00:00,MKITTAKA,,,GB14,,,,,,,,,,,,,,,,EN,,,,,,,,,GB14,,,,,,,,,,,,,,,SUGAR,SUGAR,SUGAR
14EH,9999-12-31 00:00:00,GBV3,2019-04-01 00:00:00,2022-12-22 00:00:00,MKITTAKA,,,GB14,,,,,,,,,,,,,,,,EN,,,,,,,,,GB14,,,,,,,,,,,,,,,COFFEE,COFFEE,COFFEE
14EM,9999-12-31 00:00:00,GBV3,2019-04-01 00:00:00,2022-12-22 00:00:00,MKITTAKA,,,GB14,,,,,,,,,,,,,,,,EN,,,,,,,,,GB14,,,,,,,,,,,,,,,MARINE PRODUCTS,MARINE PRODUCTS,MARINE PRODUCTS
14EW,9999-12-31 00:00:00,GBV3,2019-04-01 00:00:00,2022-12-22 00:00:00,MKITTAKA,,,GB14,,,,,,,,,,,,,,,,EN,,,,,,,,,GB14,,,,,,,,,,,,,,,CONFECTIONARY,CONFECTIONARY,CONFECTIONARY
14FA,9999-12-31 00:00:00,GBV3,2019-04-01 00:00:00,2022-12-22 00:00:00,MKITTAKA,,,GB14,,,,,,,,,,,,,,,,EN,,,,,,,,,GB14,,,,,,,,,,,,,,,GRAIN & FEED,GRAIN & FEED,GRAIN & FEED
14FI,9999-12-31 00:00:00,GBV3,2019-04-01 00:00:00,2022-12-22 00:00:00,MKITTAKA,,,GB14,,,,,,,,,,,,,,,,EN,,,,,,,,,GB14,,,,,,,,,,,,,,,FIN.BUSINESS,FINANCIAL BUSINESS,FIN.BUSINESS
14FO,9999-12-31 00:00:00,GBV3,2019-04-01 00:00:00,2022-12-22 00:00:00,MKITTAKA,,,GB14,,,,,,,,,,,,,,,,EN,,,,,,,,,GB14,,,,,,,,,,,,,,,COCOA,COCOA,COCOA
14FR,9999-12-31 00:00:00,GBV3,2019-04-01 00:00:00,2022-12-22 00:00:00,MKITTAKA,,,GB14,,,,,,,,,,,,,,,,EN,,,,,,,,,GB14,,,,,,,,,,,,,,,FIRST RESPONSE,FIRST RESPONSE,FIRST RESPONSE
14FS,9999-12-31 00:00:00,GBV3,2019-04-01 00:00:00,2022-12-22 00:00:00,MKITTAKA,,,GB14,,,,,,,,,,,,,,,,EN,,,,,,,,,GB14,,,,,,,,,,,,,,,DAIRY PRODUCTS,DAIRY PRODUCTS,DAIRY PRODUCTS
14GA,9999-12-31 00:00:00,GBV3,2019-04-01 00:00:00,2022-12-22 00:00:00,MKITTAKA,,,GB14,,,,,,,,,,,,,,,,EN,,,,,,,,,GB14,,,,,,,,,,,,,,,GENERAL AFFAIRS,GENERAL AFFAIRS,GENERAL AFFAIRS
14GD,9999-12-31 00:00:00,GBV3,2019-04-01 00:00:00,2022-12-22 00:00:00,MKITTAKA,,,GB14,,,,,,,,,,,,,,,,EN,,,,,,,,,GB14,,,,,,,,,,,,,,,G.DIRECTOR,G.DIRECTOR,G.DIRECTOR
14GF,9999-12-31 00:00:00,GBV3,2019-04-01 00:00:00,2022-12-22 00:00:00,MKITTAKA,,,GB14,,,,,,,,,,,,,,,,EN,,,,,,,,,GB14,,,,,,,,,,,,,,,FUND CONTROL,FUND CONTROL,FUND CONTROL
14GK,9999-12-31 00:00:00,GBV3,2019-04-01 00:00:00,2022-12-22 00:00:00,MKITTAKA,,,GB14,,,,,,,,,,,,,,,,EN,,,,,,,,,GB14,,,,,,,,,,,,,,,AUDIT,AUDIT,AUDIT
14GN,9999-12-31 00:00:00,GBV3,2019-04-01 00:00:00,2022-12-22 00:00:00,MKITTAKA,,,GB14,,,,,,,,,,,,,,,,EN,,,,,,,,,GB14,,,,,,,,,,,,,,,ACCOUNTS,ACCOUNTS,ACCOUNTS
14GT,9999-12-31 00:00:00,GBV3,2019-04-01 00:00:00,2022-12-22 00:00:00,MKITTAKA,,,GB14,,,,,,,,,,,,,,,,EN,,,,,,,,,GB14,,,,,,,,,,,,,,,FINANCE,FINANCE,FINANCE
14GV,9999-12-31 00:00:00,GBV3,2019-04-01 00:00:00,2022-12-22 00:00:00,MKITTAKA,,,GB14,,,,,,,,,,,,,,,,EN,,,,,,,,,GB14,,,,,,,,,,,,,,,INFORMATION SYSTEM,INFORMATION SYSTEM,INFORMATION SYSTEM
14HF,9999-12-31 00:00:00,GBV3,2019-04-01 00:00:00,2022-12-22 00:00:00,MKITTAKA,,,GB14,,,,,,,,,,,,,,,,EN,,,,,,,,,GB14,,,,,,,,,,,,,,,FOOD DISTRIBUTION,FOOD DISTRIBUTION,FOOD DISTRIBUTION
14HP,9999-12-31 00:00:00,GBV3,2019-04-01 00:00:00,2022-12-22 00:00:00,MKITTAKA,,,GB14,,,,,,,,,,,,,,,,EN,,,,,,,,,GB14,,,,,,,,,,,,,,,PLASTICS,PLASTICS,PLASTICS
14HQ,9999-12-31 00:00:00,GBV3,2019-04-01 00:00:00,2022-12-22 00:00:00,MKITTAKA,,,GB14,,,,,,,,,,,,,,,,EN,,,,,,,,,GB14,,,,,,,,,,,,,,,AGRI PRODUCTS,AGRI PRODUCTS,AGRI PRODUCTS
14HR,9999-12-31 00:00:00,GBV3,2019-04-01 00:00:00,2022-12-22 00:00:00,MKITTAKA,,,GB14,,,,,,,,,,,,,,,,EN,,,,,,,,,GB14,,,,,,,,,,,,,,,HR,HR,HR
14HY,9999-12-31 00:00:00,GBV3,2019-04-01 00:00:00,2022-12-22 00:00:00,MKITTAKA,,,GB14,,,,,,,,,,,,,,,,EN,,,,,,,,,GB14,,,,,,,,,,,,,,,ENERGY-OLD,ENERGY-OLD,ENERGY-OLD
14IF,9999-12-31 00:00:00,GBV3,2019-04-01 00:00:00,2022-12-22 00:00:00,MKITTAKA,,,GB14,,,,,,,,,,,,,,,,EN,,,,,,,,,GB14,,,,,,,,,,,,,,,ITOCHU FIBRE LIMITED,ITOCHU FIBRE LIMITED,ITOCHU FIBRE LIMITED
14JI,9999-12-31 00:00:00,GBV3,2019-04-01 00:00:00,2022-12-22 00:00:00,MKITTAKA,,,GB14,,,,,,,,,,,,,,,,EN,,,,,,,,,GB14,,,,,,,,,,,,,,,Javelin Investment,Javelin Investment,JAVELIN INVESTMENT
14KA,9999-12-31 00:00:00,GBV3,2019-04-01 00:00:00,2022-12-22 00:00:00,MKITTAKA,,,GB14,,,,,,,,,,,,,,,,EN,,,,,,,,,GB14,,,,,,,,,,,,,,,AEROSPACE&DEFENSE,AEROSPACE&DEFENSE,AEROSPACE&DEFENSE
14KD,9999-12-31 00:00:00,GBV3,2024-01-01 00:00:00,2024-07-23 00:00:00,NANH,,,GB14,,,,,,,,,,,,,,,,EN,,,,,,,,,GB14,,,,,,,,,,,,,,,KILLICK AEROSPACE,KILLICK AEROSPACE,KILLICK AEROSPACE
14KK,9999-12-31 00:00:00,GBV3,2019-04-01 00:00:00,2022-12-22 00:00:00,MKITTAKA,,,GB14,,,,,,,,,,,,,,,,EN,,,,,,,,,GB14,,,,,,,,,,,,,,,IronOre&StealResouce,IronOre&StealResouce,IRONORE&STEALRESOUCE
14KR,9999-12-31 00:00:00,GBV3,2019-04-01 00:00:00,2022-12-22 00:00:00,MKITTAKA,,,GB14,,,,,,,,,,,,,,,,EN,,,,,,,,,GB14,,,,,,,,,,,,,,,PLATINUMGROUP METALS,PLATINUMGROUP METALS,PLATINUMGROUP METALS
14KV,9999-12-31 00:00:00,GBV3,2019-04-01 00:00:00,2022-12-22 00:00:00,MKITTAKA,,,GB14,,,,,,,,,,,,,,,,EN,,,,,,,,,GB14,,,,,,,,,,,,,,,ICT,ICT,ICT
14LD,9999-12-31 00:00:00,GBV3,2019-04-01 00:00:00,2022-12-22 00:00:00,MKITTAKA,,,GB14,,,,,,,,,,,,,,,,EN,,,,,,,,,GB14,,,,,,,,,,,,,,,CERAMIC MATERIAL,CERAMIC MATERIAL,CERAMIC MATERIAL
14LK,9999-12-31 00:00:00,GBV3,2019-04-01 00:00:00,2022-12-22 00:00:00,MKITTAKA,,,GB14,,,,,,,,,,,,,,,,EN,,,,,,,,,GB14,,,,,,,,,,,,,,,IND.TEXT.(TEAM),INDUSTRIAL TEXTILE (TEAM),IND.TEXT.(TEAM)
14LW,9999-12-31 00:00:00,GBV3,2019-04-01 00:00:00,2022-12-22 00:00:00,MKITTAKA,,,GB14,,,,,,,,,,,,,,,,EN,,,,,,,,,GB14,,,,,,,,,,,,,,,CARBON NEUTRAL,CARBON NEUTRAL,CARBON NEUTRAL
14LZ,9999-12-31 00:00:00,GBV3,2019-04-01 00:00:00,2022-12-22 00:00:00,MKITTAKA,,,GB14,,,,,,,,,,,,,,,,EN,,,,,,,,,GB14,,,,,,,,,,,,,,,BRAMHOPE,BRAMHOPE,BRAMHOPE
14MD,9999-12-31 00:00:00,GBV3,2019-04-01 00:00:00,2022-12-22 00:00:00,MKITTAKA,,,GB14,,,,,,,,,,,,,,,,EN,,,,,,,,,GB14,,,,,,,,,,,,,,,POWER PROJECT,POWER PROJECT,POWER PROJECT
14ME,9999-12-31 00:00:00,GBV3,2019-04-01 00:00:00,2022-12-22 00:00:00,MKITTAKA,,,GB14,,,,,,,,,,,,,,,,EN,,,,,,,,,GB14,,,,,,,,,,,,,,,SUGAR MIDDLE OFFICE,SUGAR MIDDLE OFFICE,SUGAR MIDDLE OFFICE
14MO,9999-12-31 00:00:00,GBV3,2019-04-01 00:00:00,2022-12-22 00:00:00,MKITTAKA,,,GB14,,,,,,,,,,,,,,,,EN,,,,,,,,,GB14,,,,,,,,,,,,,,,COCOA MIDDLE OFFICE,COCOA MIDDLE OFFICE,COCOA MIDDLE OFFICE
14MP,9999-12-31 00:00:00,GBV3,2019-04-01 00:00:00,2022-12-22 00:00:00,MKITTAKA,,,GB14,,,,,,,,,,,,,,,,EN,,,,,,,,,GB14,,,,,,,,,,,,,,,MCL PENSION,MCL PENSION,MCL PENSION
14NR,9999-12-31 00:00:00,GBV3,2019-04-01 00:00:00,2022-12-22 00:00:00,MKITTAKA,,,GB14,,,,,,,,,,,,,,,,EN,,,,,,,,,GB14,,,,,,,,,,,,,,,NON-FERROUS,NON-FERROUS,NON-FERROUS
14OM,9999-12-31 00:00:00,GBV3,2025-01-01 00:00:00,2025-03-29 00:00:00,ALCHAN,,,GB14,,,,GB,,14OM,,,,,,,,,,EN,,,,,,,,,GB14,,,,,,,,,,,,,,,Office Management,Office Management,OFFICE MANAGEMENT
14PA,9999-12-31 00:00:00,GBV3,2019-04-01 00:00:00,2022-12-22 00:00:00,MKITTAKA,,,GB14,,,,,,,,,,,,,,,,EN,,,,,,,,,GB14,,,,,,,,,,,,,,,PROMINENT EUROPE 1,PROMINENT EUROPE 1,PROMINENT EUROPE 1
14PB,9999-12-31 00:00:00,GBV3,2019-04-01 00:00:00,2022-12-22 00:00:00,MKITTAKA,,,GB14,,,,,,,,,,,,,,,,EN,,,,,,,,,GB14,,,,,,,,,,,,,,,PLB,PLB,PLB
14PC,9999-12-31 00:00:00,GBV3,2019-04-01 00:00:00,2022-12-22 00:00:00,MKITTAKA,,,GB14,,,,,,,,,,,,,,,,EN,,,,,,,,,GB14,,,,,,,,,,,,,,,PCC A/C CONTROL,PCC A/C CONTROL,PCC A/C CONTROL
14PJ,9999-12-31 00:00:00,GBV3,2019-04-01 00:00:00,2022-12-22 00:00:00,MKITTAKA,,,GB14,,,,,,,,,,,,,,,,EN,,,,,,,,,GB14,,,,,,,,,,,,,,,HR FOR EUROPE & CIS,HR FOR EUROPE & CIS,HR FOR EUROPE & CIS
14PN,9999-12-31 00:00:00,GBV3,2019-04-01 00:00:00,2022-12-22 00:00:00,MKITTAKA,,,GB14,,,,,,,,,,,,,,,,EN,,,,,,,,,GB14,,,,,,,,,,,,,,,D.B PENSION,D.B PENSION,D.B PENSION
14RD,9999-12-31 00:00:00,GBV3,2019-04-01 00:00:00,2022-12-22 00:00:00,MKITTAKA,,,GB14,,,,,,,,,,,,,,,,EN,,,,,,,,,GB14,,,,,,,,,,,,,,,Biz Dev & Res,Business Development&Research,BIZ DEV & RES
14RE,9999-12-31 00:00:00,GBV3,2019-04-01 00:00:00,2022-12-22 00:00:00,MKITTAKA,,,GB14,,,,,,,,,,,,,,,,EN,,,,,,,,,GB14,,,,,,,,,,,,,,,CAPITAL & RETAINED E,CAPITAL & RETAINED E,CAPITAL & RETAINED E
14RM,9999-12-31 00:00:00,GBV3,2019-04-01 00:00:00,2022-12-22 00:00:00,MKITTAKA,,,GB14,,,,,,,,,,,,,,,,EN,,,,,,,,,GB14,,,,,,,,,,,,,,,APPAREL3,APPAREL3,APPAREL3
14RS,9999-12-31 00:00:00,GBV3,2025-01-01 00:00:00,2026-03-27 00:00:00,TNLE,,,GB14,,,,,,,,,,,,,,,,EN,,,,,,,,,GB14,,,,,,,,,,,,,,,COKING COAL,COKING COAL,COKING COAL
14RT,9999-12-31 00:00:00,GBV3,2019-04-01 00:00:00,2022-12-22 00:00:00,MKITTAKA,,,GB14,,,,,,,,,,,,,,,,EN,,,,,,,,,GB14,,,,,,,,,,,,,,,APPAREL,APPAREL,APPAREL
14SJ,9999-12-31 00:00:00,GBV3,2019-04-01 00:00:00,2022-12-22 00:00:00,MKITTAKA,,,GB14,,,,,,,,,,,,,,,,EN,,,,,,,,,GB14,,,,,,,,,,,,,,,NUCLEAR FUEL & COAL,NUCLEAR FUEL & COAL,NUCLEAR FUEL & COAL
14SM,9999-12-31 00:00:00,GBV3,2019-04-01 00:00:00,2022-12-22 00:00:00,MKITTAKA,,,GB14,,,,,,,,,,,,,,,,EN,,,,,,,,,GB14,,,,,,,,,,,,,,,PAUL SMITH,PAUL SMITH,PAUL SMITH
14SN,9999-12-31 00:00:00,GBV3,2019-04-01 00:00:00,2022-12-22 00:00:00,MKITTAKA,,,GB14,,,,,,,,,,,,,,,,EN,,,,,,,,,GB14,,,,,,,,,,,,,,,BRAND MARKETING 1,BRAND MARKETING 1,BRAND MARKETING 1
14SO,9999-12-31 00:00:00,GBV3,2019-04-01 00:00:00,2022-12-22 00:00:00,MKITTAKA,,,GB14,,,,,,,,,,,,,,,,EN,,,,,,,,,GB14,,,,,,,,,,,,,,,BRAND MARKETING 2,BRAND MARKETING 2,BRAND MARKETING 2
14SR,9999-12-31 00:00:00,GBV3,2019-04-01 00:00:00,2022-12-22 00:00:00,MKITTAKA,,,GB14,,,,,,,,,,,,,,,,EN,,,,,,,,,GB14,,,,,,,,,,,,,,,BRAND MARKETING 3,BRAND MARKETING 3,BRAND MARKETING 3
14ST,9999-12-31 00:00:00,GBV3,2019-04-01 00:00:00,2022-12-22 00:00:00,MKITTAKA,,,GB14,,,,,,,,,,,,,,,,EN,,,,,,,,,GB14,,,,,,,,,,,,,,,ETEL,ETEL,ETEL
14TL,9999-12-31 00:00:00,GBV3,2019-04-01 00:00:00,2022-12-22 00:00:00,MKITTAKA,,,GB14,,,,,,,,,,,,,,,,EN,,,,,,,,,GB14,,,,,,,,,,,,,,,GENERAL A/C CONTROL,GENERAL A/C CONTROL,GENERAL A/C CONTROL
14UA,9999-12-31 00:00:00,GBV3,2019-04-01 00:00:00,2022-12-22 00:00:00,MKITTAKA,,,GB14,,,,,,,,,,,,,,,,EN,,,,,,,,,GB14,,,,,,,,,,,,,,,MEAT PRODUCTS,MEAT PRODUCTS,MEAT PRODUCTS
14UF,9999-12-31 00:00:00,GBV3,2024-01-01 00:00:00,2024-04-12 00:00:00,NTMLE,,,GB14,,,,GB,,14UF,,,,,,,,,,EN,,,,,,,,,GB14,,,,,,,,,,,,,,,MEAT PROCESSED FOOD,MEAT PROCESSED FOOD,MEAT PROCESSED FOOD
14UY,9999-12-31 00:00:00,GBV3,2019-04-01 00:00:00,2022-12-22 00:00:00,MKITTAKA,,,GB14,,,,,,,,,,,,,,,,EN,,,,,,,,,GB14,,,,,,,,,,,,,,,LEGAL,LEGAL,LEGAL
14UZ,9999-12-31 00:00:00,GBV3,2019-04-01 00:00:00,2022-12-22 00:00:00,MKITTAKA,,,GB14,,,,GB,,14UZ,,,,,,,,,,EN,,,,,,,,,GB14,,,,,,,,,,,,,,,AA & RM,AA & RM,AA & RM
14VI,9999-12-31 00:00:00,GBV3,2024-01-01 00:00:00,2024-04-12 00:00:00,NTMLE,,,GB14,,,,,,,,,,,,,,,,EN,,,,,,,,,GB14,,,,,,,,,,,,,,,RAWMATERIAL＆WORKWEAR,RAWMATERIAL＆WORKWEAR,RAWMATERIAL＆WORKWEAR
14VK,9999-12-31 00:00:00,GBV3,2019-04-01 00:00:00,2022-12-22 00:00:00,MKITTAKA,,,GB14,,,,,,,,,,,,,,,,EN,,,,,,,,,GB14,,,,,,,,,,,,,,,AUTOMOBILE,AUTOMOBILE,AUTOMOBILE
14WA,9999-12-31 00:00:00,GBV3,2019-04-01 00:00:00,2022-12-22 00:00:00,MKITTAKA,,,GB14,,,,,,,,,,,,,,,,EN,,,,,,,,,GB14,,,,,,,,,,,,,,,PLANT PRJ & INFRA,PLANT PROJECT & INFRASTRUCTURE,PLANT PRJ & INFRA
14WE,9999-12-31 00:00:00,GBV3,2019-04-01 00:00:00,2022-12-22 00:00:00,MKITTAKA,,,GB14,,,,,,,,,,,,,,,,EN,,,,,,,,,GB14,,,,,,,,,,,,,,,WINCH ENERGY,WINCH ENERGY,WINCH ENERGY
14X1,9999-12-31 00:00:00,GBV3,2019-04-01 00:00:00,2022-12-22 00:00:00,MKITTAKA,,,GB14,,,,,,,,,,,,,,,,EN,,,,,,,,,GB14,,,,,,,,,,,,,,,FUND CONTROL-CONS,FUND CONTROL-CONS,FUND CONTROL-CONS
14X2,9999-12-31 00:00:00,GBV3,2019-04-01 00:00:00,2022-12-22 00:00:00,MKITTAKA,,,GB14,,,,,,,,,,,,,,,,EN,,,,,,,,,GB14,,,,,,,,,,,,,,,GENERAL ADMINIS-CONS,GENERAL ADMINIS-CONS,GENERAL ADMINIS-CONS
14X3,9999-12-31 00:00:00,GBV3,2019-04-01 00:00:00,2022-12-22 00:00:00,MKITTAKA,,,GB14,,,,,,,,,,,,,,,,EN,,,,,,,,,GB14,,,,,,,,,,,,,,,GENERAL A/C CON-CONS,GENERAL A/C CON-CONS,GENERAL A/C CON-CONS
14X4,9999-12-31 00:00:00,GBV3,2019-04-01 00:00:00,2022-12-22 00:00:00,MKITTAKA,,,GB14,,,,,,,,,,,,,,,,EN,,,,,,,,,GB14,,,,,,,,,,,,,,,CAPITAL & RETAI-CONS,CAPITAL & RETAI-CONS,CAPITAL & RETAI-CONS
14XA,9999-12-31 00:00:00,GBV3,2019-04-01 00:00:00,2022-12-22 00:00:00,MKITTAKA,,,GB14,,,,,,,,,,,,,,,,EN,,,,,,,,,GB14,,,,,,,,,,,,,,,PROMINENT EUROP-CONS,PROMINENT EUROP-CONS,PROMINENT EUROP-CONS
14XB,9999-12-31 00:00:00,GBV3,2019-04-01 00:00:00,2022-12-22 00:00:00,MKITTAKA,,,GB14,,,,,,,,,,,,,,,,EN,,,,,,,,,GB14,,,,,,,,,,,,,,,AUTOMOBILE-CONS,AUTOMOBILE-CONS,AUTOMOBILE-CONS
14XC,9999-12-31 00:00:00,GBV3,2019-04-01 00:00:00,2022-12-22 00:00:00,MKITTAKA,,,GB14,,,,,,,,,,,,,,,,EN,,,,,,,,,GB14,,,,,,,,,,,,,,,PLB-CONS,PLB-CONS,PLB-CONS
14XF,9999-12-31 00:00:00,GBV3,2019-04-01 00:00:00,2022-12-22 00:00:00,MKITTAKA,,,GB14,,,,,,,,,,,,,,,,EN,,,,,,,,,GB14,,,,,,,,,,,,,,,ETEL-CONS,ETEL-CONS,ETEL-CONS
14XI,9999-12-31 00:00:00,GBV3,2019-04-01 00:00:00,2022-12-22 00:00:00,MKITTAKA,,,GB14,,,,,,,,,,,,,,,,EN,,,,,,,,,GB14,,,,,,,,,,,,,,,FIRST RESPONSE-CONS,FIRST RESPONSE-CONS,FIRST RESPONSE-CONS
14XK,9999-12-31 00:00:00,GBV3,2024-01-01 00:00:00,2024-07-23 00:00:00,NANH,,,GB14,,,,,,,,,,,,,,,,EN,,,,,,,,,GB14,,,,,,,,,,,,,,,KILLICK AEROSPA-CONS,KILLICK AEROSPA-CONS,KILLICK AEROSPA-CONS
14XM,9999-12-31 00:00:00,GBV3,2025-01-01 00:00:00,2026-03-27 00:00:00,TNLE,,,GB14,,,,,,,,,,,,,,,,EN,,,,,,,,,GB14,,,,,,,,,,,,,,,CARMONEY-CONS,CARMONEY-CONS,CARMONEY-CONS
14XT,9999-12-31 00:00:00,GBV3,2019-04-01 00:00:00,2022-12-22 00:00:00,MKITTAKA,,,GB14,,,,,,,,,,,,,,,,EN,,,,,,,,,GB14,,,,,,,,,,,,,,,PAUL SMITH-CONS,PAUL SMITH-CONS,PAUL SMITH-CONS
14XU,9999-12-31 00:00:00,GBV3,2019-04-01 00:00:00,2022-12-22 00:00:00,MKITTAKA,,,GB14,,,,,,,,,,,,,,,,EN,,,,,,,,,GB14,,,,,,,,,,,,,,,SOLAR POWER ASS-CONS,SOLAR POWER ASS-CONS,SOLAR POWER ASS-CONS
14XV,9999-12-31 00:00:00,GBV3,2019-04-01 00:00:00,2022-12-22 00:00:00,MKITTAKA,,,GB14,,,,,,,,,,,,,,,,EN,,,,,,,,,GB14,,,,,,,,,,,,,,,WATER & ENVIRONMENT,WATER & ENVIRONMENT,WATER & ENVIRONMENT
14XX,9999-12-31 00:00:00,GBV3,2019-04-01 00:00:00,2022-12-22 00:00:00,MKITTAKA,,,GB14,,,,,,,,,,,,,,,,EN,,,,,,,,,GB14,,,,,,,,,,,,,,,ITOCHU FIBRE LI-CONS,ITOCHU FIBRE LI-CONS,ITOCHU FIBRE LI-CONS
14XZ,9999-12-31 00:00:00,GBV3,2019-04-01 00:00:00,2022-12-22 00:00:00,MKITTAKA,,,GB14,,,,,,,,,,,,,,,,EN,,,,,,,,,GB14,,,,,,,,,,,,,,,DTM,DTM,DTM
14YC,9999-12-31 00:00:00,GBV3,2019-04-01 00:00:00,2022-12-22 00:00:00,MKITTAKA,,,GB14,,,,,,,,,,,,,,,,EN,,,,,,,,,GB14,,,,,,,,,,,,,,,AFFLIATES CONTROL,AFFLIATES CONTROL,AFFLIATES CONTROL
14YU,9999-12-31 00:00:00,GBV3,2025-01-01 00:00:00,2025-03-29 00:00:00,ALCHAN,,,GB14,,,,GB,,14YU,,,,,,,,,,EN,,,,,,,,,GB14,,,,,,,,,,,,,,,Energy,Energy,ENERGY
14YY,9999-12-31 00:00:00,GBV3,2019-04-01 00:00:00,2022-12-22 00:00:00,MKITTAKA,,,GB14,,,,,,,,,,,,,,,,EN,,,,,,,,,GB14,,,,,,,,,,,,,,,OILS & FATS,OILS & FATS,OILS & FATS
14ZA,9999-12-31 00:00:00,GBV3,2019-04-01 00:00:00,2022-12-22 00:00:00,MKITTAKA,,,GB14,,,,,,,,,,,,,,,,EN,,,,,,,,,GB14,,,,,,,,,,,,,,,CHIEF EXECTIVE FOR E,CHIEF EXECTIVE FOR E,CHIEF EXECTIVE FOR E
14ZZ,9999-12-31 00:00:00,GBV3,2019-04-01 00:00:00,2022-12-22 00:00:00,MKITTAKA,,,GB14,,,,,,,,,,,,,,,,EN,,,,,,,,,GB14,,,,,,,,,,,,,,,CORPORATE PLANNING,CORPORATE PLANNING,CORPORATE PLANNING
16BK,9999-12-31 00:00:00,FRV3,2019-04-01 00:00:00,2022-12-22 00:00:00,MKITTAKA,,,FR16,,,,,,,,,,,,,,,,EN,,,,,,,,,FR16,,,,,,,,,,,,,,,OEM,OEM,OEM
16EP,9999-12-31 00:00:00,FRV3,2019-04-01 00:00:00,2022-12-22 00:00:00,MKITTAKA,,,FR16,,,,,,,,,,,,,,,,EN,,,,,,,,,FR16,,,,,,,,,,,,,,,OIL PRODUCTS,OIL PRODUCTS,OIL PRODUCTS
16F2,9999-12-31 00:00:00,FRV3,2019-04-01 00:00:00,2022-12-22 00:00:00,MKITTAKA,,,FR16,,,,,,,,,,,,,,,,EN,,,,,,,,,FR16,,,,,,,,,,,,,,,FIBER INTERMEDIATES,FIBER INTERMEDIATES,FIBER INTERMEDIATES
16F3,9999-12-31 00:00:00,FRV3,2019-04-01 00:00:00,2022-12-22 00:00:00,MKITTAKA,,,FR16,,,,,,,,,,,,,,,,EN,,,,,,,,,FR16,,,,,,,,,,,,,,,FIBER INTERMED NO.2,FIBER INTERMEDIATES NO.2,FIBER INTERMED NO.2
16FA,9999-12-31 00:00:00,FRV3,2019-04-01 00:00:00,2022-12-22 00:00:00,MKITTAKA,,,FR16,,,,,,,,,,,,,,,,EN,,,,,,,,,FR16,,,,,,,,,,,X,,,,GRAIN & FEED,GRAIN & FEED,GRAIN & FEED
16GA,9999-12-31 00:00:00,FRV3,2019-04-01 00:00:00,2022-12-22 00:00:00,MKITTAKA,,,FR16,,,,,,,,,,,,,,,,EN,,,,,,,,,FR16,,,,,,,,,,,,,,,FIXED ASSETS CONTROL,FIXED ASSETS CONTROL,FIXED ASSETS CONTROL
16GF,9999-12-31 00:00:00,FRV3,2019-04-01 00:00:00,2022-12-22 00:00:00,MKITTAKA,,,FR16,,,,,,,,,,,,,,,,EN,,,,,,,,,FR16,,,,,,,,,,,,,,,FUND CONTROL A/C,FUND CONTROL A/C,FUND CONTROL A/C
16H1,9999-12-31 00:00:00,FRV3,2019-04-01 00:00:00,2022-12-22 00:00:00,MKITTAKA,,,FR16,,,,,,,,,,,,,,,,EN,,,,,,,,,FR16,,,,,,,,,,,,,,,PLASTICS NO.1,PLASTICS NO.1,PLASTICS NO.1
16H2,9999-12-31 00:00:00,FRV3,2019-04-01 00:00:00,2022-12-22 00:00:00,MKITTAKA,,,FR16,,,,,,,,,,,,,,,,EN,,,,,,,,,FR16,,,,,,,,,,,,,,,PLASTICS NO.2,PLASTICS NO.2,PLASTICS NO.2
16HC,9999-12-31 00:00:00,FRV3,2019-04-01 00:00:00,2022-12-22 00:00:00,MKITTAKA,,,FR16,,,,,,,,,,,,,,,,EN,,,,,,,,,FR16,,,,,,,,,,,,,,,ORGANIC CHEM,ORGANIC CHEMICALS,ORGANIC CHEM
16NK,9999-12-31 00:00:00,FRV3,2019-04-01 00:00:00,2022-12-22 00:00:00,MKITTAKA,,,FR16,,,,,,,,,,,,,,,,EN,,,,,,,,,FR16,,,,,,,,,,,,,,,NON-FERROUS PRODUCTS,NON-FERROUS PRODUCTS,NON-FERROUS PRODUCTS
16NZ,9999-12-31 00:00:00,FRV3,2019-04-01 00:00:00,2022-12-22 00:00:00,MKITTAKA,,,FR16,,,,,,,,,,,,,,,,EN,,,,,,,,,FR16,,,,,,,,,,,,,,,TELECOM PRODUCTS,TELECOM PRODUCTS,TELECOM PRODUCTS
16OH,9999-12-31 00:00:00,FRV3,2019-04-01 00:00:00,2022-12-22 00:00:00,MKITTAKA,,,FR16,,,,,,,,,,,,,,,,EN,,,,,,,,,FR16,,,,,,,,,,,,,,,OVERHEAD ALLOCATION,OVERHEAD ALLOCATION,OVERHEAD ALLOCATION
16PC,9999-12-31 00:00:00,FRV3,2019-04-01 00:00:00,2022-12-22 00:00:00,MKITTAKA,,,FR16,,,,,,,,,,,,,,,,EN,,,,,,,,,FR16,,,,,,,,,,,,,,,PARENT COMPANY CURRE,PARENT COMPANY CURRE,PARENT COMPANY CURRE
16RE,9999-12-31 00:00:00,FRV3,2019-04-01 00:00:00,2022-12-22 00:00:00,MKITTAKA,,,FR16,,,,,,,,,,,,,,,,EN,,,,,,,,,FR16,,,,,,,,,,,,,,,CAPITAL & RETAINED E,CAPITAL & RETAINED E,CAPITAL & RETAINED E
16SN,9999-12-31 00:00:00,FRV3,2019-04-01 00:00:00,2022-12-22 00:00:00,MKITTAKA,,,FR16,,,,,,,,,,,,,,,,EN,,,,,,,,,FR16,,,,,,,,,,,,,,,BRAND MARKETING 1,BRAND MARKETING 1,BRAND MARKETING 1
16SO,9999-12-31 00:00:00,FRV3,2019-04-01 00:00:00,2022-12-22 00:00:00,MKITTAKA,,,FR16,,,,,,,,,,,,,,,,EN,,,,,,,,,FR16,,,,,,,,,,,,,,,BRAND MARKETING 2,BRAND MARKETING 2,BRAND MARKETING 2
16SR,9999-12-31 00:00:00,FRV3,2019-04-01 00:00:00,2022-12-22 00:00:00,MKITTAKA,,,FR16,,,,,,,,,,,,,,,,EN,,,,,,,,,FR16,,,,,,,,,,,,,,,BRAND MARKETING 3,BRAND MARKETING 3,BRAND MARKETING 3
16SV,9999-12-31 00:00:00,FRV3,2019-04-01 00:00:00,2022-12-22 00:00:00,MKITTAKA,,,FR16,,,,,,,,,,,,,,,,EN,,,,,,,,,FR16,,,,,,,,,,,,,,,APPAREL,APPAREL,APPAREL
16TL,9999-12-31 00:00:00,FRV3,2019-04-01 00:00:00,2022-12-22 00:00:00,MKITTAKA,,,FR16,,,,,,,,,,,,,,,,EN,,,,,,,,,FR16,,,,,,,,,,,,,,,GENERAL A/C CONTROL,GENERAL A/C CONTROL,GENERAL A/C CONTROL
16VK,9999-12-31 00:00:00,FRV3,2019-04-01 00:00:00,2022-12-22 00:00:00,MKITTAKA,,,FR16,,,,,,,,,,,,,,,,EN,,,,,,,,,FR16,,,,,,,,,,,,,,,ISUZU &YANMAR,ISUZU &YANMAR,ISUZU &YANMAR
16X1,9999-12-31 00:00:00,FRV3,2019-04-01 00:00:00,2022-12-22 00:00:00,MKITTAKA,,,FR16,,,,,,,,,,,,,,,,EN,,,,,,,,,FR16,,,,,,,,,,,,,,,FUND CONTROL A/-CONS,FUND CONTROL A/-CONS,FUND CONTROL A/-CONS
16X2,9999-12-31 00:00:00,FRV3,2019-04-01 00:00:00,2022-12-22 00:00:00,MKITTAKA,,,FR16,,,,,,,,,,,,,,,,EN,,,,,,,,,FR16,,,,,,,,,,,,,,,GENERAL A/C CON-CONS,GENERAL A/C CON-CONS,GENERAL A/C CON-CONS
16XP,9999-12-31 00:00:00,FRV3,2019-04-01 00:00:00,2022-12-22 00:00:00,MKITTAKA,,,FR16,,,,,,,,,,,,,,,,EN,,,,,,,,,FR16,,,,,,,,,,,,,,,PH,PH,PH
16ZA,9999-12-31 00:00:00,FRV3,2019-04-01 00:00:00,2022-12-22 00:00:00,MKITTAKA,,,FR16,,,,,,,,,,,,,,,,EN,,,,,,,,,FR16,,,,,,,,,,,,,,,DIRECTORS,DIRECTORS,DIRECTORS
16ZH,9999-12-31 00:00:00,FRV3,2019-04-01 00:00:00,2022-12-22 00:00:00,MKITTAKA,,,FR16,,,,,,,,,,,,,,,,EN,,,,,,,,,FR16,,,,,,,,,,,,,,,"PLANT, MARINE & AERO","PLANT, MARINE & AERO","PLANT, MARINE & AERO"
16ZZ,9999-12-31 00:00:00,FRV3,2019-04-01 00:00:00,2022-12-22 00:00:00,MKITTAKA,,,FR16,,,,,,,,,,,,,,,,EN,,,,,,,,,FR16,,,,,,,,,,,,,,,ZZ ACCOUNT,ZZ ACCOUNT,ZZ ACCOUNT
20B1,9999-12-31 00:00:00,DEV3,2019-04-01 00:00:00,2022-12-22 00:00:00,MKITTAKA,,DSL,DE20,,,,,,,,,,,,,,,,EN,,,,,,,,,DE20,,,,,,,,,,,,,,,DistributionBusiness,DistributionBusiness,DISTRIBUTIONBUSINESS
20B3,9999-12-31 00:00:00,DEV3,2023-01-01 00:00:00,2024-02-16 00:00:00,ALCHAN,,DSL,DE20,,,,,,,,,,,,,,,,EN,,,,,,,,,DE20,,,,,,,,,,,,,,,Construction Machine,Construction Machine,CONSTRUCTION MACHINE
20B5,9999-12-31 00:00:00,DEV3,2019-04-01 00:00:00,2022-12-22 00:00:00,MKITTAKA,,DSL,DE20,,,,,,,,,,,,,,,,EN,,,,,,,,,DE20,,,,,,,,,,,,,,,MT Machine Tools SF,MT Machine Tools SF,MT MACHINE TOOLS SF
20B7,9999-12-31 00:00:00,DEV3,2019-04-01 00:00:00,2022-12-22 00:00:00,MKITTAKA,,DSL,DE20,,,,,,,,,,,,,,,,EN,,,,,,,,,DE20,,,,,,,,,,,,,,,MT Food Machinery SF,MT Food Machinery SF,MT FOOD MACHINERY SF
20B9,9999-12-31 00:00:00,DEV3,2019-04-01 00:00:00,2022-12-22 00:00:00,MKITTAKA,,DSL,DE20,,,,,,,,,,,,,,,,EN,,,,,,,,,DE20,,,,,,,,,,,,,,,MT Export Import,MT Export Import,MT EXPORT IMPORT
20C1,9999-12-31 00:00:00,DEV3,2019-04-01 00:00:00,2022-12-22 00:00:00,MKITTAKA,,DSL,DE20,,,,,,,,,,,,,,,,EN,,,,,,,,,DE20,,,,,,,,,,,,,,,COATINGS,COATINGS,COATINGS
20C2,9999-12-31 00:00:00,DEV3,2019-04-01 00:00:00,2022-12-22 00:00:00,MKITTAKA,,DSL,DE20,,,,,,,,,,,,,,,,EN,,,,,,,,,DE20,,,,,,,,,,,,,,,FUNCTIONAL CHEMICALS,FUNCTIONAL CHEMICALS,FUNCTIONAL CHEMICALS
20C3,9999-12-31 00:00:00,DEV3,2019-04-01 00:00:00,2022-12-22 00:00:00,MKITTAKA,,DSL,DE20,,,,,,,,,,,,,,,,EN,,,,,,,,,DE20,,,,,,,,,,,,,,,INCHEM,INCHEM,INCHEM
20F2,9999-12-31 00:00:00,DEV3,2019-04-01 00:00:00,2022-12-22 00:00:00,MKITTAKA,,DSL,DE20,,,,,,,,,,,,,,,,EN,,,,,,,,,DE20,,,,,,,,,,,,,,,FIBER INTERMEDIATES,FIBER INTERMEDIATES,FIBER INTERMEDIATES
20F3,9999-12-31 00:00:00,DEV3,2019-04-01 00:00:00,2022-12-22 00:00:00,MKITTAKA,,DSL,DE20,,,,,,,,,,,,,,,,EN,,,,,,,,,DE20,,,,,,,,,,,,,,,FIBER INTERMED NO.2,FIBER INTERMEDIATES NO.2,FIBER INTERMED NO.2
20FD,9999-12-31 00:00:00,DEV3,2019-04-01 00:00:00,2022-12-22 00:00:00,MKITTAKA,,DSL,DE20,,,,,,,,,,,,,,,,EN,,,,,,,,,DE20,,,,,,,,,,,,,,,FUND CONTROL,FUND CONTROL,FUND CONTROL
20GD,9999-12-31 00:00:00,DEV3,2019-04-01 00:00:00,2022-12-22 00:00:00,MKITTAKA,,DSL,DE20,,,,,,,,,,,,,,,,EN,,,,,,,,,DE20,,,,,,,,,,,,,,,ADMINISTRATION (OVER,ADMINISTRATION (OVER,ADMINISTRATION (OVER
20GH,9999-12-31 00:00:00,DEV3,2019-04-01 00:00:00,2022-12-22 00:00:00,MKITTAKA,,HAM,DE20,,,,,,,,,,,,,,,,EN,,,,,,,,,DE20,,,,,,,,,,,,,,,ADMINISTRATION (GENE,ADMINISTRATION (GENE,ADMINISTRATION (GENE
20H1,9999-12-31 00:00:00,DEV3,2019-04-01 00:00:00,2022-12-22 00:00:00,MKITTAKA,,DSL,DE20,,,,,,,,,,,,,,,,EN,,,,,,,,,DE20,,,,,,,,,,,,,,,PLASTICS NO.1,PLASTICS NO.1,PLASTICS NO.1
20H2,9999-12-31 00:00:00,DEV3,2019-04-01 00:00:00,2022-12-22 00:00:00,MKITTAKA,,DSL,DE20,,,,,,,,,,,,,,,,EN,,,,,,,,,DE20,,,,,,,,,,,,,,,PLASTICS NO.2,PLASTICS NO.2,PLASTICS NO.2
20H3,9999-12-31 00:00:00,DEV3,2019-04-01 00:00:00,2022-12-22 00:00:00,MKITTAKA,,HUN,DE20,,,,,,,,,,,,street1,,,,EN,,,,+49(40)4 15 29-000000-123,,,,,DE20,,,,,,,,,,,,,,,PLASTICS NO2 HUNGARY,PLASTICS NO2 HUNGARY,PLASTICS NO2 HUNGARY
20HG,9999-12-31 00:00:00,DEV3,2019-04-01 00:00:00,2022-12-22 00:00:00,MKITTAKA,,DSL,DE20,,,,,,,,,,,,,,,,EN,,,,,,,,,DE20,,,,,,,,,,,,,,,Power&Environm Soln,Power&Environmental Solution,POWER&ENVIRONM SOLN
20LK,9999-12-31 00:00:00,DEV3,2019-04-01 00:00:00,2022-12-22 00:00:00,MKITTAKA,,HAM,DE20,,,,DE,,,,,,Hamburg,,Brandstwiete 1,,20457,,EN,,+49(40)4 15 29-0,,+49(40)4 15 29-000000-123,,,,,DE20,,,,,,,,,,,,,,,IND.TEXT.(TEAM),INDUSTRIAL TEXTILE (TEAM),IND.TEXT.(TEAM)
20NC,9999-12-31 00:00:00,DEV3,2019-04-01 00:00:00,2022-12-22 00:00:00,MKITTAKA,,DSL,DE20,,,,,,,,,,,,,,,,EN,,,,,,,,,DE20,,,,,,,,,,,,,,,NCT,NCT,NCT
20PD,9999-12-31 00:00:00,DEV3,2019-04-01 00:00:00,2022-12-22 00:00:00,MKITTAKA,,DSL,DE20,,,,,,,,,,,,,,,,EN,,,,,,,,,DE20,,,,,,,,,,,,,,,ADMINISTRATION (CAPI,ADMINISTRATION (CAPI,ADMINISTRATION (CAPI
20RM,9999-12-31 00:00:00,DEV3,2019-04-01 00:00:00,2022-12-22 00:00:00,MKITTAKA,,HAM,DE20,,,,DE,,,,,,Hamburg,,Brandstwiete 1,,20457,,EN,,+49(40)4 15 29-0,,,,,,,DE20,,,,,,,,,,,,,,,RAW MATERIAL & TEXTI,RAW MATERIAL & TEXTILE,RAW MATERIAL & TEXTI
20VK,9999-12-31 00:00:00,DEV3,2019-04-01 00:00:00,2022-12-22 00:00:00,MKITTAKA,,DSL,DE20,,,,,,,,,,,,,,,,EN,,,,,,,,,DE20,,,,,,,,,,,,,,,Automobile,Automobile,AUTOMOBILE
20X1,9999-12-31 00:00:00,DEV3,2019-04-01 00:00:00,2022-12-22 00:00:00,MKITTAKA,,DSL,DE20,,,,,,,,,,,,,,,,EN,,,,,,,,,DE20,,,,,,,,,,,,,,,ADMINISTRATION -CONS,ADMINISTRATION -CONS,ADMINISTRATION -CONS
20XD,9999-12-31 00:00:00,DEV3,2019-04-01 00:00:00,2022-12-22 00:00:00,MKITTAKA,,DSL,DE20,,,,,,,,,,,,,,,,EN,,,,,,,,,DE20,,,,,,,,,,,,,,,NCT-CONS,NCT-CONS,NCT-CONS
24AD,9999-12-31 00:00:00,ITV3,2019-04-01 00:00:00,2022-12-22 00:00:00,MKITTAKA,,,IT24,,,,,,,,,,,,,,,,EN,,,,,,,,,IT24,,,,,,,,,,,,,,,ADMINISTRATION (GENE,ADMINISTRATION (GENE,ADMINISTRATION (GENE
24EE,9999-12-31 00:00:00,ITV3,2019-04-01 00:00:00,2022-12-22 00:00:00,MKITTAKA,,,IT24,,,,IT,,24EE,,,,,,,,,,EN,,,,,,,,,IT24,,,,,,,,,,,,,,,AGRI PRODUCTS,AGRI PRODUCTS,AGRI PRODUCTS
24EM,9999-12-31 00:00:00,ITV3,2019-04-01 00:00:00,2022-12-22 00:00:00,MKITTAKA,,,IT24,,,,,,,,,,,,,,,,EN,,,,,,,,,IT24,,,,,,,,,,,,,,,MARINE PRODUCTS,MARINE PRODUCTS,MARINE PRODUCTS
24EQ,9999-12-31 00:00:00,ITV3,2019-04-01 00:00:00,2022-12-22 00:00:00,MKITTAKA,,,IT24,,,,IT,Title,Name 1,Name 2,Name 3,Name 4,City JTUNG,District JTUNG,Street JTUNG,,,,EN,,,,,,,,,IT24,,,,,IT1234556789,,,,,,,,,,FOOD PRODUCTS,FOOD PRODUCTS,FOOD PRODUCTS
24FA,9999-12-31 00:00:00,ITV3,2019-04-01 00:00:00,2022-12-22 00:00:00,MKITTAKA,,,IT24,,,,,,,,,,,,,,,,EN,,,,,,,,,IT24,,,,,,,,,,,,,,,GRAIN & FEED,GRAIN & FEED,GRAIN & FEED
24GA,9999-12-31 00:00:00,ITV3,2019-04-01 00:00:00,2022-12-22 00:00:00,MKITTAKA,,,IT24,,,,,,,,,,,,,,,,EN,,,,,,,,,IT24,,,,,,,,,,,,,,,ADMINISTRATION (OFFI,ADMINISTRATION (OFFI,ADMINISTRATION (OFFI
24GF,9999-12-31 00:00:00,ITV3,2019-04-01 00:00:00,2022-12-22 00:00:00,MKITTAKA,,,IT24,,,,,,,,,,,,,,,,EN,,,,,,,,,IT24,,,,,,,,,,,,,,,FUND CONTROL A/C,FUND CONTROL A/C,FUND CONTROL A/C
24HO,9999-12-31 00:00:00,ITV3,2019-04-01 00:00:00,2022-12-22 00:00:00,MKITTAKA,,,IT24,,,,,,,,,,,,,,,,EN,,,,,,,,,IT24,,,,,,,,,,,,,,,ADMINISTRATION (HEAD,ADMINISTRATION (HEAD,ADMINISTRATION (HEAD
24HP,9999-12-31 00:00:00,ITV3,2019-04-01 00:00:00,2022-12-22 00:00:00,MKITTAKA,,,IT24,,,,,,,,,,,,,,,,EN,,,,,,,,,IT24,,,,,,,,,,,,,,,PLASTICS,PLASTICS,PLASTICS
24LK,9999-12-31 00:00:00,ITV3,2019-04-01 00:00:00,2022-12-22 00:00:00,MKITTAKA,,,IT24,,,,,,,,,,,,,,,,EN,,,,,,,,,IT24,,,,,,,,,,,,,,,IND.TEXT.(TEAM),INDUSTRIAL TEXTILE (TEAM),IND.TEXT.(TEAM)
24MI,9999-12-31 00:00:00,ITV3,2019-04-01 00:00:00,2022-12-22 00:00:00,MKITTAKA,,,IT24,,,,,,,,,,,,,,,,EN,,,,,,,,,IT24,,,,,,,,,,,,,,,MILK PRODUCTS,MILK PRODUCTS,MILK PRODUCTS
24MR,9999-12-31 00:00:00,ITV3,2019-04-01 00:00:00,2022-12-22 00:00:00,MKITTAKA,,,IT24,,,,,,,,,,,,,,,,EN,,,,,,,,,IT24,,,,,,,,,,,,,,,Mila Schon RetailBss,Mila Schon retail bss,MILA SCHON RETAILBSS
24MS,9999-12-31 00:00:00,ITV3,2019-04-01 00:00:00,2022-12-22 00:00:00,MKITTAKA,,,IT24,,,,,,,,,,,,,,,,EN,,,,,,,,,IT24,,,,,,,,,,,,,,,Mila Schon,Mila Schon,MILA SCHON
24OB,9999-12-31 00:00:00,ITV3,2019-04-01 00:00:00,2022-12-22 00:00:00,MKITTAKA,,,IT24,,,,,,,,,,,,,,,,EN,,,,,,,,,IT24,,,,,,,,,,,,,,,Orobianco,Orobianco,OROBIANCO
24OH,9999-12-31 00:00:00,ITV3,2019-04-01 00:00:00,2022-12-22 00:00:00,MKITTAKA,,,IT24,,,,,,,,,,,,,,,,EN,,,,,,,,,IT24,,,,,,,,,,,,,,,OVER HEAD FOR MR. MA,OVER HEAD FOR MR. MA,OVER HEAD FOR MR. MA
24RE,9999-12-31 00:00:00,ITV3,2019-04-01 00:00:00,2022-12-22 00:00:00,MKITTAKA,,,IT24,,,,,,,,,,,,,,,,EN,,,,,,,,,IT24,,,,,,,,,,,,,,,LAST YEAR P/L EARNED,LAST YEAR P/L EARNED,LAST YEAR P/L EARNED
24SN,9999-12-31 00:00:00,ITV3,2019-04-01 00:00:00,2022-12-22 00:00:00,MKITTAKA,,,IT24,,,,,,,,,,,,,,,,EN,,,,,,,,,IT24,,,,,,,,,,,,,,,BRAND MARKETING 1,BRAND MARKETING 1,BRAND MARKETING 1
24SO,9999-12-31 00:00:00,ITV3,2019-04-01 00:00:00,2022-12-22 00:00:00,MKITTAKA,,,IT24,,,,,,,,,,,,,,,,EN,,,,,,,,,IT24,,,,,,,,,,,,,,,BRAND MARKETING 2,BRAND MARKETING 2,BRAND MARKETING 2
24SP,9999-12-31 00:00:00,ITV3,2019-04-01 00:00:00,2022-12-22 00:00:00,MKITTAKA,,,IT24,,,,,,,,,,,,,,,,EN,,,,,,,,,IT24,,,,,,,,,,,,,,,FILAMENT YARN,FILAMENT YARN,FILAMENT YARN
24SR,9999-12-31 00:00:00,ITV3,2019-04-01 00:00:00,2022-12-22 00:00:00,MKITTAKA,,,IT24,,,,,,,,,,,,,,,,EN,,,,,,,,,IT24,,,,,,,,,,,,,,,BRAND MARKETING 3,BRAND MARKETING 3,BRAND MARKETING 3
24TL,9999-12-31 00:00:00,ITV3,2019-04-01 00:00:00,2022-12-22 00:00:00,MKITTAKA,,,IT24,,,,,,,,,,,,,,,,EN,,,,,,,,,IT24,,,,,,,,,,,,,,,GENERAL A/C CONTROL,GENERAL A/C CONTROL,GENERAL A/C CONTROL
24UM,9999-12-31 00:00:00,ITV3,2019-04-01 00:00:00,2022-12-22 00:00:00,MKITTAKA,,,IT24,,,,,,,,,,,,,,,,EN,,,,,,,,,IT24,,,,,,,,,,,,,,,FEED ADDITIVE,FEED ADDITIVE,FEED ADDITIVE
24YY,9999-12-31 00:00:00,ITV3,2019-04-01 00:00:00,2022-12-22 00:00:00,MKITTAKA,,,IT24,,,,,,,,,,,,,,,,EN,,,,,,,,,IT24,,,,,,,,,,,,,,,OILS & FATS,OILS & FATS,OILS & FATS
24ZL,9999-12-31 00:00:00,ITV3,2019-04-01 00:00:00,2022-12-22 00:00:00,MKITTAKA,,,IT24,,,,,,,,,,,,,,,,EN,,,,,,,,,IT24,,,,,,,,,,,,,,,"GRAIN,DAIRY PRODUCTS","GRAIN, DAIRY PRODUCTS","GRAIN,DAIRY PRODUCTS"
33AB,9999-12-31 00:00:00,ZAV3,2019-04-01 00:00:00,2022-12-22 00:00:00,MKITTAKA,,,ZA33,,,,,,,,,,,,,,,,EN,,,,,,,,,ZA33,,,,,,,,,,,,,,,PLANT & PROJECT,PLANT & PROJECT,PLANT & PROJECT
33BO,9999-12-31 00:00:00,ZAV3,2019-04-01 00:00:00,2022-12-22 00:00:00,MKITTAKA,,,ZA33,,,,,,,,,,,,,,,,EN,,,,,,,,,ZA33,,,,,,,,,,,,,,,AUTO AFRICA SECTION,AUTOMOTIVE AFRICA SECTION,AUTO AFRICA SECTION
33CM,9999-12-31 00:00:00,ZAV3,2019-04-01 00:00:00,2022-12-22 00:00:00,MKITTAKA,,,ZA33,,,,,,,,,,,,,,,,EN,,,,,,,,,ZA33,,,,,,,,,,,,,,,INDUSTRIAL MACHINERY,INDUSTRIAL MACHINERY,INDUSTRIAL MACHINERY
33CQ,9999-12-31 00:00:00,ZAV3,2019-04-01 00:00:00,2022-12-22 00:00:00,MKITTAKA,,,ZA33,,,,,,,,,,,,,,,,EN,,,,,,,,,ZA33,,,,,,,,,,,,,,,WOODCHIP,WOODCHIP,WOODCHIP
33DH,9999-12-31 00:00:00,ZAV3,2019-04-01 00:00:00,2022-12-22 00:00:00,MKITTAKA,,,ZA33,,,,,,,,,,,,,,,,EN,,,,,,,,,ZA33,,,,,,,,,,,,,,,AUTO AFRICA SECTION2,AUTO AFRICA SECTION 2,AUTO AFRICA SECTION2
33FH,9999-12-31 00:00:00,ZAV3,2023-04-01 00:00:00,2023-10-25 00:00:00,STAM,,,ZA33,,,,,,,,,,,,,,,,EN,,,,,,,,,ZA33,,,,,,,,,,,,,,,FOOD MARKETING,FOOD MARKETING,FOOD MARKETING
33HB,9999-12-31 00:00:00,ZAV3,2019-04-01 00:00:00,2022-12-22 00:00:00,MKITTAKA,,,ZA33,,,,,,,,,,,,,,,,EN,,,,,,,,,ZA33,,,,,,,,,,,,,,,CHEMICALS,CHEMICALS,CHEMICALS
33HF,9999-12-31 00:00:00,ZAV3,2019-04-01 00:00:00,2022-12-22 00:00:00,MKITTAKA,,,ZA33,,,,,,,,,,,,,,,,EN,,,,,,,,,ZA33,,,,,,,,,,,,,,,BTF HELI FORKLIFT,BTF HELI FORKLIFT,BTF HELI FORKLIFT
33JA,9999-12-31 00:00:00,ZAV3,2025-01-01 00:00:00,2025-04-30 00:00:00,ALCHAN,,,ZA33,,,,,,,,,,,,,,,,EN,,,,,,,,,ZA33,,,,,,,,,,,,,,,Construction+Realty,Construction & Real Estate,CONSTRUCTION+REALTY
33KU,9999-12-31 00:00:00,ZAV3,2019-04-01 00:00:00,2022-12-22 00:00:00,MKITTAKA,,,ZA33,,,,,,,,,,,,,,,,EN,,,,,,,,,ZA33,,,,,,,,,,,,,,,ICT DEPARTMENT,INFORMATION & COMMUNICATION,ICT DEPARTMENT
33LB,9999-12-31 00:00:00,ZAV3,2019-04-01 00:00:00,2022-12-22 00:00:00,MKITTAKA,,,ZA33,,,,,,,,,,,,,,,,EN,,,,,,,,,ZA33,,,,,,,,,,,,,,,CERAMICS & MINERALS,CERAMICS & MINERALS,CERAMICS & MINERALS
33MI,9999-12-31 00:00:00,ZAV3,2019-04-01 00:00:00,2022-12-22 00:00:00,MKITTAKA,,,ZA33,,,,,,,,,,,,,,,,EN,,,,,,,,,ZA33,,,,,,,,,,,,,,,METAL & MINERAL MISI,METALS & MINERAL RESOURCES(MISI),METAL & MINERAL MISI
33MQ,9999-12-31 00:00:00,ZAV3,2019-04-01 00:00:00,2022-12-22 00:00:00,MKITTAKA,,,ZA33,,,,,,,,,,,,,,,,EN,,,,,,,,,ZA33,,,,,,,,,,,,,,,URANIUM,URANIUM,URANIUM
33NX,9999-12-31 00:00:00,ZAV3,2019-04-01 00:00:00,2022-12-22 00:00:00,MKITTAKA,,,ZA33,,,,,,,,,,,,,,,,EN,,,,,,,,,ZA33,,,,,,,,,,,,,,,NEW ENERGY-COAL DIV,NEW ENERGY-COAL DIV,NEW ENERGY-COAL DIV
33PP,9999-12-31 00:00:00,ZAV3,2019-04-01 00:00:00,2022-12-22 00:00:00,MKITTAKA,,,ZA33,,,,,,,,,,,,,,,,EN,,,,,,,,,ZA33,,,,,,,,,,,,,,,PULP & PAPER PRODUCT,PULP & PAPER PRODUCT,PULP & PAPER PRODUCT
33PR,9999-12-31 00:00:00,ZAV3,2019-04-01 00:00:00,2022-12-22 00:00:00,MKITTAKA,,,ZA33,,,,,,,,,,,,,,,,EN,,,,,,,,,ZA33,,,,,,,,,,,,,,,PLATREEF DEVELOPMENT,PLATREEF DEVELOPMENT,PLATREEF DEVELOPMENT
33RI,9999-12-31 00:00:00,ZAV3,2019-04-01 00:00:00,2022-12-22 00:00:00,MKITTAKA,,,ZA33,,,,,,,,,,,,,,,,EN,,,,,,,,,ZA33,,,,,,,,,,,,,,,METALS & MINERAL,METALS & MINERAL RESOURCES,METALS & MINERAL
33SA,9999-12-31 00:00:00,ZAV3,2019-04-01 00:00:00,2022-12-22 00:00:00,MKITTAKA,,,ZA33,,,,,,,,,,,,,,,,EN,,,,,,,,,ZA33,,,,,,,,,,,,,,,TEXTILE MATERIALS,TEXTILE MATERIALS,TEXTILE MATERIALS
33SP,9999-12-31 00:00:00,ZAV3,2019-04-01 00:00:00,2022-12-22 00:00:00,MKITTAKA,,,ZA33,,,,,,,,,,,,,,,,EN,,,,,,,,,ZA33,,,,,,,,,,,,,,,BTF SPLICER,BTF SPLICER,BTF SPLICER
33UR,9999-12-31 00:00:00,ZAV3,2023-04-01 00:00:00,2023-10-25 00:00:00,STAM,,,ZA33,,,,,,,,,,,,,,,,EN,,,,,,,,,ZA33,,,,,,,,,,,,,,,FRESH FOOD DIVISION,FRESH FOOD DIVISION,FRESH FOOD DIVISION
33WQ,9999-12-31 00:00:00,ZAV3,2019-04-01 00:00:00,2022-12-22 00:00:00,MKITTAKA,,,ZA33,,,,,,,,,,,,,,,,EN,,,,,,,,,ZA33,,,,,,,,,,,,,,,SOLAR,SOLAR,SOLAR
33XA,9999-12-31 00:00:00,ZAV3,2019-04-01 00:00:00,2022-12-22 00:00:00,MKITTAKA,,,ZA33,,,,,,,,,,,,,,,,EN,,,,,,,,,ZA33,,,,,,,,,,,,,,,ADMIN A/C (OVERHEAD),ADMINISTRATIVE A/C (OVERHEAD),ADMIN A/C (OVERHEAD)
33XB,9999-12-31 00:00:00,ZAV3,2019-04-01 00:00:00,2022-12-22 00:00:00,MKITTAKA,,,ZA33,,,,,,,,,,,,,,,,EN,,,,,,,,,ZA33,,,,,,,,,,,,,,,ADMIN (HEAD OFFICE),ADMINISTRATIVE A/C (HEAD OFFICE),ADMIN (HEAD OFFICE)
33XC,9999-12-31 00:00:00,ZAV3,2019-04-01 00:00:00,2022-12-22 00:00:00,MKITTAKA,,,ZA33,,,,,,,,,,,,,,,,EN,,,,,,,,,ZA33,,,,,,,,,,,,,,,FUND CONTROL A/C,FUND CONTROL A/C,FUND CONTROL A/C
33XD,9999-12-31 00:00:00,ZAV3,2019-04-01 00:00:00,2022-12-22 00:00:00,MKITTAKA,,,ZA33,,,,,,,,,,,,,,,,EN,,,,,,,,,ZA33,,,,,,,,,,,,,,,AFRICA ZZ A/C,AFRICA ZZ A/C,AFRICA ZZ A/C
33XE,9999-12-31 00:00:00,ZAV3,2019-04-01 00:00:00,2022-12-22 00:00:00,MKITTAKA,,,ZA33,,,,,,,,,,,,,,,,EN,,,,,,,,,ZA33,,,,,,,,,,,,,,,Africa(New Develop 2,Africa (New Develop 2),AFRICA(NEW DEVELOP 2
33XF,9999-12-31 00:00:00,ZAV3,2019-04-01 00:00:00,2022-12-22 00:00:00,MKITTAKA,,,ZA33,,,,,,,,,,,,,,,,EN,,,,,,,,,ZA33,,,,,,,,,,,,,,,AFRICA (NEW DEVELOP),AFRICA ZZ A/C (NEW DEVELOPMENT),AFRICA (NEW DEVELOP)
33XG,9999-12-31 00:00:00,ZAV3,2019-04-01 00:00:00,2022-12-22 00:00:00,MKITTAKA,,,ZA33,,,,,,,,,,,,,,,,EN,,,,,,,,,ZA33,,,,,,,,,,,,,,,AFRICA (NEW DEVELOP,AFRICA (NEW DEVELOP 3),AFRICA (NEW DEVELOP
33XO,9999-12-31 00:00:00,ZAV3,2019-04-01 00:00:00,2022-12-22 00:00:00,MKITTAKA,,,ZA33,,,,,,,,,,,,,,,,EN,,,,,,,,,ZA33,,,,,,,,,,,,,,,ADMIN DEVELOPMENT,ADMIN DEVELOPMENT,ADMIN DEVELOPMENT
33YI,9999-12-31 00:00:00,ZAV3,2019-04-01 00:00:00,2022-12-22 00:00:00,MKITTAKA,,,ZA33,,,,,,,,,,,,,,,,EN,,,,,,,,,ZA33,,,,,,,,,,,,,,,ENERGY DEVELOPMENT,ENERGY DEVELOPMENT,ENERGY DEVELOPMENT
33YU,9999-12-31 00:00:00,ZAV3,2019-04-01 00:00:00,2022-12-22 00:00:00,MKITTAKA,,,ZA33,,,,,,,,,,,,,,,,EN,,,,,,,,,ZA33,,,,,,,,,,,,,,,ENERGY TRADE,ENERGY TRADE,ENERGY TRADE
33ZD,9999-12-31 00:00:00,ZAV3,2019-04-01 00:00:00,2022-12-22 00:00:00,MKITTAKA,,,ZA33,,,,,,,,,,,,,,,,EN,,,,,,,,,ZA33,,,,,,,,,,,,,,,TEXTILE,TEXTILE,TEXTILE
33ZL,9999-12-31 00:00:00,ZAV3,2023-04-01 00:00:00,2023-10-25 00:00:00,STAM,,,ZA33,,,,,,,,,,,,,,,,EN,,,,,,,,,ZA33,,,,,,,,,,,,,,,FOOD PROVISIONS,FOOD PROVISIONS,FOOD PROVISIONS
33ZP,9999-12-31 00:00:00,ZAV3,2019-04-01 00:00:00,2022-12-22 00:00:00,MKITTAKA,,,ZA33,,,,,,,,,,,,,,,,EN,,,,,,,,,ZA33,,,,,,,,,,,,,,,FOOD PROVISIONS-ZP,FOOD PROVISIONS-ZP,FOOD PROVISIONS-ZP
33ZQ,9999-12-31 00:00:00,ZAV3,2019-04-01 00:00:00,2022-12-22 00:00:00,MKITTAKA,,,ZA33,,,,,,,,,,,,,,,,EN,,,,,,,,,ZA33,,,,,,,,,,,,,,,FRESH FOOD BUSINESS,FRESH FOOD BUSINESS,FRESH FOOD BUSINESS
33ZW,9999-12-31 00:00:00,ZAV3,2019-04-01 00:00:00,2022-12-22 00:00:00,MKITTAKA,,,ZA33,,,,,,,,,,,,,,,,EN,,,,,,,,,ZA33,,,,,,,,,,,,,,,IT & TELECOM,INFO TECHNOLOGY & TELECOM,IT & TELECOM
501B,9999-12-31 00:00:00,USV3,2019-04-01 00:00:00,2020-09-11 00:00:00,FHASEGAWA,,,.,,,,US,,501B,,,,NEW YORK,NEW YORK,"1411 BROADWAY, 35TH FL.",,10018-3421,,EN,,(212) 827-5600,,,,,,,US50,,,,,USNY100183421,NY,,,,,X,,,,III Brands LLC /NYK,III Brands LLC /NYK,III BRANDS LLC /NYK
501P,9999-12-31 00:00:00,USV3,2019-04-01 00:00:00,2020-09-11 00:00:00,FHASEGAWA,,,.,,,,US,,501P,,,,NEW YORK,NEW YORK,"1411 BROADWAY, 35TH FL.",,10018-3421,,EN,,(212) 827-5600,,,,,,,US50,,,,,USNY100183421,NY,,,,,,,,,ITOCHU Prominent USA,ITOCHU Prominent USA /NYK,ITOCHU PROMINENT USA
501Y,9999-12-31 00:00:00,USV3,2019-04-01 00:00:00,2020-09-11 00:00:00,FHASEGAWA,,,.,,,,US,,501Y,,,,NEW YORK,NEW YORK,"1411 BROADWAY, 35TH FL.",,10018-3421,,EN,,(212) 827-5600,,,,,,,US50,,,,,USNY100183421,NY,,,,,,,,,Internal Cap & R/E /,Internal Cap & R/E /NYK,INTERNAL CAP & R/E /
501Z,9999-12-31 00:00:00,USV3,2019-04-01 00:00:00,2020-09-11 00:00:00,FHASEGAWA,,,.,,,,US,,501Z,,,,NEW YORK,NEW YORK,"1411 BROADWAY, 35TH FL.",,10018-3421,,EN,,(212) 827-5600,,,,,,,US50,,,,,USNY100183421,NY,,,,,,,,,Textile Division/NYK,Textile Division/NYK,TEXTILE DIVISION/NYK
502A,9999-12-31 00:00:00,USV3,2024-01-01 00:00:00,2024-12-05 00:00:00,ALCHAN,,,.,,,,US,,502A,,,Machinery Division,New York,,1251 Avenue of the Americas,,10020-1104,,EN,,,,,,,,,US50,,,,,USNY100201104,NY,,,,,,,,,C&E Trading,C&E Trading,C&E TRADING
502D,9999-12-31 00:00:00,USV3,2025-01-01 00:00:00,2025-01-13 00:00:00,ALCHAN,,,.,,,,US,,502D,,,,New York,,1251 Avenue of the Americas,,10020-1104,,EN,,,,,,,,,US50,,,,,USNY100201104,NY,,,,,,,,,Isuzu CommTr of Amer,Isuzu Commercial Truck of America,ISUZU COMMTR OF AMER
502E,9999-12-31 00:00:00,USV3,2025-01-01 00:00:00,2025-01-13 00:00:00,ALCHAN,,,.,,,,US,,502E,,,,New York,,1251 Avenue of the Americas,,10020-1104,,EN,,,,,,,,,US50,,,,,USNY100201104,NY,,,,,,,,,Isuzu Fin of Amer-Eq,Isuzu Finance of America - Equity,ISUZU FIN OF AMER-EQ
502F,9999-12-31 00:00:00,USV3,2024-01-01 00:00:00,2024-03-20 00:00:00,ALCHAN,,,.,,,,,,502F,,,,,,,,,,EN,,,,,,,,,US50,,,,,,,,,,,,,,,KMRF LLC,Kawasaki Motors Retail Finance LLC,KMRF LLC
502G,9999-12-31 00:00:00,USV3,2019-04-01 00:00:00,2020-09-11 00:00:00,FHASEGAWA,,,.,,,,,,502G,,,,,,,,,,EN,,,,,,,,,US50,,,,,,,,,,,X,,,,TEXMAC  /NYK,TEXMAC  /NYK,TEXMAC  /NYK
502H,9999-12-31 00:00:00,USV3,2019-04-01 00:00:00,2020-09-11 00:00:00,FHASEGAWA,,,.,,,,,,502H,,,,,,,,,,EN,,,,,,,,,US50,,,,,,,,,,,,,,,Power Projects I/NYK,Power Projects I/NYK,POWER PROJECTS I/NYK
502I,9999-12-31 00:00:00,USV3,2019-04-01 00:00:00,2020-09-11 00:00:00,FHASEGAWA,,,.,,,,,,502I,,,,,,,,,,EN,,,,,,,,,US50,,,,,,,,,,,,,,,Aerospace,Aerospace,AEROSPACE
502J,9999-12-31 00:00:00,USV3,2019-04-01 00:00:00,2020-09-11 00:00:00,FHASEGAWA,,,.,,,,,,502J,,,,,,,,,,EN,,,,,,,,,US50,,,,,,,,,,,X,,,,Industrials /NYK,Industrials /NYK,INDUSTRIALS /NYK
502K,9999-12-31 00:00:00,USV3,2019-04-01 00:00:00,2020-09-11 00:00:00,FHASEGAWA,,,.,,,,,,502K,,,,,,,,,,EN,,,,,,,,,US50,,,,,,,,,,,,,,,Denyo Mfg. Corp./NYK,Denyo Manufacturing Corp/NYK,DENYO MFG. CORP./NYK
502L,9999-12-31 00:00:00,USV3,2022-01-01 00:00:00,2022-04-01 00:00:00,STAM,,,.,,,,,,502L,,,,,,,,,,EN,,,,,,,,,US50,,,,,,,,,,,,,,,Auto PRU,Auto PRU,AUTO PRU
502M,9999-12-31 00:00:00,USV3,2019-04-01 00:00:00,2020-09-11 00:00:00,FHASEGAWA,,,.,,,,,,502M,,,,,,,,,,EN,,,,,,,,,US50,,,,,,,,,,,X,,,,Railway Project/NYK,Railway Project/NYK,RAILWAY PROJECT/NYK
502N,9999-12-31 00:00:00,USV3,2019-04-01 00:00:00,2020-09-11 00:00:00,FHASEGAWA,,,.,,,,,,502N,,,,,,,,,,EN,,,,,,,,,US50,,,,,,,,,,,,,,,No Amer Engy Svc/NYK,No. Amer. Energy Service/NYK,NO AMER ENGY SVC/NYK
502O,9999-12-31 00:00:00,USV3,2019-04-01 00:00:00,2020-09-11 00:00:00,FHASEGAWA,,,.,,,,,,502O,,,,,,,,,,EN,,,,,,,,,US50,,,,,,,,,,,X,,,,Healthcare&Ind.Sys.,Healthcare& Industrial Sys/NYK,HEALTHCARE&IND.SYS.
502P,9999-12-31 00:00:00,USV3,2019-04-01 00:00:00,2020-09-11 00:00:00,FHASEGAWA,,,.,,,,,,502P,,,,,,,,,,EN,,,,,,,,,US50,,,,,,,,,,,,,,,IndustriousGr-Eq,Industrious Group Inc - Equity,INDUSTRIOUSGR-EQ
502Q,9999-12-31 00:00:00,USV3,2019-04-01 00:00:00,2020-09-11 00:00:00,FHASEGAWA,,,.,,,,,,502Q,,,,,,,,,,EN,,,,,,,,,US50,,,,,,,,,,,,,,,Multiquip Inc./NYK,Multiquip Inc./NYK,MULTIQUIP INC./NYK
502R,9999-12-31 00:00:00,USV3,2019-04-01 00:00:00,2020-09-11 00:00:00,FHASEGAWA,,,.,,,,,,502R,,,,,,,,,,EN,,,,,,,,,US50,,,,,,,,,,,X,,,,Telerent /NYK,Telerent /NYK,TELERENT /NYK
502S,9999-12-31 00:00:00,USV3,2019-04-01 00:00:00,2020-09-11 00:00:00,FHASEGAWA,,,.,,,,,,502S,,,,,,,,,,EN,,,,,,,,,US50,,,,,,,,,,,,,,,TYR Wind Equity A/C,TYR Wind Equity A/C /NYK,TYR WIND EQUITY A/C
502T,9999-12-31 00:00:00,USV3,2019-04-01 00:00:00,2020-09-11 00:00:00,FHASEGAWA,,,.,,,,,,502T,,,,,,,,,,EN,,,,,,,,,US50,,,,,,,,,,,,,,,TYR Energy /NYK,TYR Energy /NYK,TYR ENERGY /NYK
502U,9999-12-31 00:00:00,USV3,2019-04-01 00:00:00,2020-09-11 00:00:00,FHASEGAWA,,,.,,,,,,502U,,,,,,,,,,EN,,,,,,,,,US50,,,,,,,,,,,,,,,CIPSA /NYK,CIPSA /NYK,CIPSA /NYK
502V,9999-12-31 00:00:00,USV3,2024-01-01 00:00:00,2024-03-21 00:00:00,NANH,,,.,,,,,,502P,,,,,,,,,,EN,,,,,,,,,US50,,,,,,,,,,,X,,,,IAAI -Equity,ITOCHU Automobile America Inc-Equity,IAAI -EQUITY
502W,9999-12-31 00:00:00,USV3,2023-01-01 00:00:00,2023-01-13 00:00:00,BCHOI,,,.,,,,,,502W,,,Machinery Division,,,,,,,EN,,,,,,,,,US50,,,,,,,,,,,,,,,Construct Mach/NYK,Construction Mach/NYK,CONSTRUCT MACH/NYK
502X,9999-12-31 00:00:00,USV3,2023-01-01 00:00:00,2023-01-13 00:00:00,JTUNG,,,.,,,,,,502X,,,Machinery Division,,,,,,,EN,,,,,,,,,US50,,,,,,,,,,,,,,,ZAXIS FinSvc Ame LLC,ZAXIS Financial Serivces America LLC,ZAXIS FINSVC AME LLC
502Y,9999-12-31 00:00:00,USV3,2019-04-01 00:00:00,2020-09-11 00:00:00,FHASEGAWA,,,.,,,,,,502Y,,,,,,,,,,EN,,,,,,,,,US50,,,,,,,,,,,,,,,Internal Cap & R/E,Internal Capital & R/E/NYK,INTERNAL CAP & R/E
502Z,9999-12-31 00:00:00,USV3,2019-04-01 00:00:00,2020-09-11 00:00:00,FHASEGAWA,,,.,,,,,,502Z,,,,,,,,,,EN,,,,,,,,,US50,,,,,,,,,,,,,,,Machinery Div./NYK,Machinery DIV_A/C /NYK,MACHINERY DIV./NYK
503A,9999-12-31 00:00:00,USV3,2019-04-01 00:00:00,2020-09-11 00:00:00,FHASEGAWA,,,.,,,,,,503A,,,ICT Division,,,,,,,EN,,,,,,,,,US50,,,,,,,,,,,,,,,Mobile Business,Mobile Business,MOBILE BUSINESS
503B,9999-12-31 00:00:00,USV3,2022-01-01 00:00:00,2022-03-29 00:00:00,KCHOW,,,.,,,,,,503B,,,,,,,,,,EN,,,,,,,,,US50,,,,,,,,,,,X,,,,SVL Next Gen Biz Gr,SVL Next Generation Business Group,SVL NEXT GEN BIZ GR
503C,9999-12-31 00:00:00,USV3,2022-01-01 00:00:00,2022-03-29 00:00:00,KCHOW,,,.,,,,,,503C,,,,,,,,,,EN,,,,,,,,,US50,,,,,,,,,,,,,,,SVL GM,SVL GM,SVL GM
503F,9999-12-31 00:00:00,USV3,2023-01-01 00:00:00,2023-06-29 00:00:00,ALCHAN,,,.,,,,,,503F,,,,,,,,,,EN,,,,,,,,,US50,,,,,,,,,,,,,,,Financial & Insuranc,Financial & Insurance Business,FINANCIAL & INSURANC
503I,9999-12-31 00:00:00,USV3,2025-01-01 00:00:00,2026-02-24 00:00:00,TTRUONG,,,.,,,,,,503I,,,,,,,,,,EN,,,,,,,,,US50,,,,,,,,,,,,,,,IT Business,IT Business,IT BUSINESS
503K,9999-12-31 00:00:00,USV3,2019-04-01 00:00:00,2020-09-11 00:00:00,FHASEGAWA,,,.,,,,,,503K,,,,,,,,,,EN,,,,,,,,,US50,,,,,,,,,,,,,,,Advance Media Techno,Advance Media Technologies/NYK,ADVANCE MEDIA TECHNO
503L,9999-12-31 00:00:00,USV3,2019-04-01 00:00:00,2020-09-11 00:00:00,FHASEGAWA,,,.,,,,,,503L,,,,,,,,,,EN,,,,,,,,,US50,,,,,,,,,,,,,,,New Business Develop,New Business Development,NEW BUSINESS DEVELOP
503M,9999-12-31 00:00:00,USV3,2019-04-01 00:00:00,2020-09-11 00:00:00,FHASEGAWA,,,.,,,,US,,503M,,,,SAN JOSE,SANTA CLARA,101 Metro Drive; Suite 340,,95110-1376,,EN,,(212) 818-8000,,,,,,,US50,,,,,USCA951101376,CA,,,,,,,,,Silicon Valley Offic,Silicon Valley Office,SILICON VALLEY OFFIC
503N,9999-12-31 00:00:00,USV3,2025-01-01 00:00:00,2025-06-11 00:00:00,NANH,,,.,,,,US,,503N,,,,New York,,1251 Avenue of the Americas,,10020-1104,,EN,,,,,,,,,US50,,,,,USNY100201104,NY,,,,,,,,,Churchill,Churchill,CHURCHILL
503O,9999-12-31 00:00:00,USV3,2023-03-31 00:00:00,2023-03-29 00:00:00,BCHOI,,,.,,,,,,503O,,,,,,,,,,EN,,,,,,,,,US50,,,,,,,,,,,,,,,AV Healthcare Exp,AV Healthcare Expense A/C,AV HEALTHCARE EXP
503R,9999-12-31 00:00:00,USV3,2023-03-31 00:00:00,2023-03-29 00:00:00,BCHOI,,,.,,,,,,503R,,,,,,,,,,EN,,,,,,,,,US50,,,,,,,,,,,,,,,Avidex Equity A/C,Avidex Equity A/C,AVIDEX EQUITY A/C
503S,9999-12-31 00:00:00,USV3,2019-04-01 00:00:00,2021-09-17 00:00:00,STAM,,,.,,,,,,503S,,,,,,,,,,EN,,,,,,,,,US50,,,,,,,,,,,,,,,SilverSky,SilverSky,SILVERSKY
503T,9999-12-31 00:00:00,USV3,2025-01-01 00:00:00,2025-03-13 00:00:00,ALCHAN,,,.,,,,US,,503S,,,,New York,,1251 Avenue of the Americas,,10020-1104,,EN,,,,,,,,,US50,,,,,USNY100201104,NY,,,,,,,,,Technologent,Technologent,TECHNOLOGENT
503V,9999-12-31 00:00:00,USV3,2025-01-01 00:00:00,2025-02-07 00:00:00,ALCHAN,,,.,,,,US,,503V,,,,New York,,1251 Avenue of the Americas,,10020-1104,,EN,,,,,,,,,US50,,,,,USNY100201104,NY,,,,,,,,,Veros,Veros,VEROS
503W,9999-12-31 00:00:00,USV3,2024-01-01 00:00:00,2025-03-13 00:00:00,ALCHAN,,,.,,,,US,,503W,,,,New York,,1251 Avenue of the Americas,,10020-1104,,EN,,,,,,,,,US50,,,,,USNY100201104,NY,,,,,,,,,We Sell Cellular,We Sell Cellular,WE SELL CELLULAR
503Y,9999-12-31 00:00:00,USV3,2019-04-01 00:00:00,2020-09-11 00:00:00,FHASEGAWA,,,.,,,,,,503Y,,,,,,,,,,EN,,,,,,,,,US50,,,,,,,,,,,,,,,Int Cap & RE/NYK,Internal Capital R/E A/C /NYK,INT CAP & RE/NYK
503Z,9999-12-31 00:00:00,USV3,2019-04-01 00:00:00,2020-09-11 00:00:00,FHASEGAWA,,,.,,,,,,503Z,,,,,,,,,,EN,,,,,,,,,US50,,,,,,,,,,,,,,,ICT&FB Div GM,ICT&FB Div GM,ICT&FB DIV GM
505A,9999-12-31 00:00:00,USV3,2019-04-01 00:00:00,2020-09-11 00:00:00,FHASEGAWA,,,.,,,,,,505A,,,Metal & Mineral Division,,,,,,,EN,,,,,,,,,US50,,,,,,,,,,,,,,,Nuclear Fuel /NYK,Nuclear Fuel /NYK,NUCLEAR FUEL /NYK
505K,9999-12-31 00:00:00,USV3,2019-04-01 00:00:00,2020-09-11 00:00:00,FHASEGAWA,,,.,,,,,,505K,,,,,,,,,,EN,,,,,,,,,US50,,,,,,,,,,,,,,,Coal /NYK,Coal  /NYK,COAL /NYK
505L,9999-12-31 00:00:00,USV3,2019-04-01 00:00:00,2020-09-11 00:00:00,FHASEGAWA,,,.,,,,,,505L,,,,,,,,,,EN,,,,,,,,,US50,,,,,,,,,,,,,,,Metal & Minerals/NYK,Metals &Minerals /NYK,METAL & MINERALS/NYK
505M,9999-12-31 00:00:00,USV3,2019-04-01 00:00:00,2020-09-11 00:00:00,FHASEGAWA,,,.,,,,,,505M,,,,,,,,,,EN,,,,,,,,,US50,,,,,,,,,,,X,,,,SolarNet Holdings LL,SolarNet Holdings LLC /NYK,SOLARNET HOLDINGS LL
505N,9999-12-31 00:00:00,USV3,2019-04-01 00:00:00,2020-09-11 00:00:00,FHASEGAWA,,,.,,,,,,505N,,,,,,,,,,EN,,,,,,,,,US50,,,,,,,,,,,X,,,,Solar Business /NYK,Solar Business  /NYK,SOLAR BUSINESS /NYK
505O,9999-12-31 00:00:00,USV3,2019-04-01 00:00:00,2020-09-11 00:00:00,FHASEGAWA,,,.,,,,,,505O,,,,,,,,,,EN,,,,,,,,,US50,,,,,,,,,,,X,,,,Solar&Environ Busn/N,Solar&Environmental Busn/NYK,SOLAR&ENVIRON BUSN/N
505V,9999-12-31 00:00:00,USV3,2019-04-01 00:00:00,2020-09-11 00:00:00,FHASEGAWA,,,.,,,,US,,505V,,,,NEW YORK,NEW YORK,1251 Avenue of the Americas,,10020-1104,,EN,,(330) 670-1110,,,,,,,US50,,,,,USNY100201104,NY,,,,,,,,,ITOCHU Mexico Non-Fe,ITOCHU Mexico-Non-Ferous,ITOCHU MEXICO NON-FE
505Y,9999-12-31 00:00:00,USV3,2019-04-01 00:00:00,2020-09-11 00:00:00,FHASEGAWA,,,.,,,,,,505Y,,,,,,,,,,EN,,,,,,,,,US50,,,,,,,,,,,,,,,Int Capital &RE/NYK,Internal Capital & RE Acct/NYK,INT CAPITAL &RE/NYK
505Z,9999-12-31 00:00:00,USV3,2019-04-01 00:00:00,2020-09-11 00:00:00,FHASEGAWA,,,.,,,,,,505Z,,,,,,,,,,EN,,,,,,,,,US50,,,,,,,,,,,,,,,Metal Mineral Div GM,Metals & Minerals Div A/C /NYK,METAL MINERAL DIV GM
506A,9999-12-31 00:00:00,USV3,2019-04-01 00:00:00,2020-09-11 00:00:00,FHASEGAWA,,,.,,,,,,506A,,,Food Division,,,,,,,EN,,,,,,,,,US50,,,,,,,,,,,,,,,Grain Products /PTL,Grain Products /PTL,GRAIN PRODUCTS /PTL
506B,9999-12-31 00:00:00,USV3,2019-04-01 00:00:00,2020-09-11 00:00:00,FHASEGAWA,,,.,,,,,,506B,,,Food Division,,,,,,,EN,,,,,,,,,US50,,,,,,,,,,,,,,,Grain /PTL,Grain /PTL,GRAIN /PTL
506C,9999-12-31 00:00:00,USV3,2019-04-01 00:00:00,2020-09-11 00:00:00,FHASEGAWA,,,.,,,,,,506C,,,Food Division,,,,,,,EN,,,,,,,,,US50,,,,,,,,,,,,,,,Soybean /NYK,Soybean /NYK,SOYBEAN /NYK
506D,9999-12-31 00:00:00,USV3,2019-04-01 00:00:00,2020-09-11 00:00:00,FHASEGAWA,,,.,,,,,,506D,,,Food Division,,,,,,,EN,,,,,,,,,US50,,,,,,,,,,,,,,,Feedstuff Mat/NYK,Feedstuff Material/NYK,FEEDSTUFF MAT/NYK
506E,9999-12-31 00:00:00,USV3,2019-04-01 00:00:00,2020-09-11 00:00:00,FHASEGAWA,,,.,,,,,,506E,,,Food Division,,,,,,,EN,,,,,,,,,US50,,,,,,,,,,,,,,,Cocoa&Confection/NYK,Cocoa & Confectionary Matl/NYK,COCOA&CONFECTION/NYK
506F,9999-12-31 00:00:00,USV3,2022-01-01 00:00:00,2022-01-21 00:00:00,STAM,,,.,,,,,,506E,,,Food Division,,,,,,,EN,,,,,,,,,US50,,,,,,,,,,,,,,,Fuji Oil Int Inc,Fuji Oil International Inc,FUJI OIL INT INC
506G,9999-12-31 00:00:00,USV3,2022-01-01 00:00:00,2022-01-21 00:00:00,STAM,,,.,,,,US,,506G,,,Food Division,Portland,,"121 SW Salmon Street, Suite 1025",,97204,,EN,,415-412-9707,,,,,,,US50,,,,,USOR972040000,OR,,,,,,,,,Oils & Fats Trading,Oils & Fats Trading,OILS & FATS TRADING
506H,9999-12-31 00:00:00,USV3,2024-01-01 00:00:00,2024-07-18 00:00:00,ALCHAN,,,.,,,,US,,506H,,,Food Division,San Francisco,,1 Sansome Street Suite 2000,,94104,,EN,,415-412-9707,,,,,,,US50,,,,,USCA941040000,CA,,,,,,,,,Cocoa Trading,Cocoa Trading,COCOA TRADING
506K,9999-12-31 00:00:00,USV3,2019-04-01 00:00:00,2020-09-11 00:00:00,FHASEGAWA,,,.,,,,,,506K,,,,,,,,,,EN,,,,,,,,,US50,,,,,,,,,,,,,,,EXIM COOP/NYK,EXIM COOP/NYK,EXIM COOP/NYK
506L,9999-12-31 00:00:00,USV3,2019-04-01 00:00:00,2020-09-11 00:00:00,FHASEGAWA,,,.,,,,,,506L,,,,,,,,,,EN,,,,,,,,,US50,,,,,,,,,,,,,,,Quality Technologies,Quality Technologies Intl./NYK,QUALITY TECHNOLOGIES
506M,9999-12-31 00:00:00,USV3,2019-04-01 00:00:00,2020-09-11 00:00:00,FHASEGAWA,,,.,,,,,,506M,,,,,,,,,,EN,,,,,,,,,US50,,,,,,,,,,,,,,,CGB Enterprises/NYK,"CGB Enterprises, Inc./NYK",CGB ENTERPRISES/NYK
506N,9999-12-31 00:00:00,USV3,2019-04-01 00:00:00,2020-09-11 00:00:00,FHASEGAWA,,,.,,,,US,,506N,,,,EL SEGUNDO,,200 N. Pacific Coast Hwy Suite 925,,90245-5668,,EN,,(213)488-8300,,,,,,,US50,,,,,USCA902455668,CA,,,,,,,,,ICREST Int'l LLC/LOS,ICREST Int'l LLC/LOS,ICREST INT'L LLC/LOS
506O,9999-12-31 00:00:00,USV3,2019-04-01 00:00:00,2020-09-11 00:00:00,FHASEGAWA,,,.,,,,US,,506O,,,,SAN FRANCISCO,,8 Jackson Street,,94111-2022,,EN,,(415) 399-3700,,,,,,,US50,,,,,USCA941112022,CA,,,,,,,,,Oilseeds Int'l Ltd,Oilseeds International Ltd/SFR,OILSEEDS INT'L LTD
506P,9999-12-31 00:00:00,USV3,2019-04-01 00:00:00,2020-09-11 00:00:00,FHASEGAWA,,,.,,,,,,506P,,,,,,,,,,EN,,,,,,,,,US50,,,,,,,,,,,X,,,,"EGT, LLC /NYK",EGT Development LLC /NYK,"EGT, LLC /NYK"
506V,9999-12-31 00:00:00,USV3,2019-04-01 00:00:00,2020-09-11 00:00:00,FHASEGAWA,,,.,,,,,,506V,,,,,,,,,,EN,,,,,,,,,US50,,,,,,,,,,,,,,,Food - Meat /MEX,Food - Meat /MEX,FOOD - MEAT /MEX
506W,9999-12-31 00:00:00,USV3,2019-04-01 00:00:00,2020-09-11 00:00:00,FHASEGAWA,,,.,,,,,,506W,,,,,,,,,,EN,,,,,,,,,US50,,,,,,,,,,,,,,,Food-Animal Fd /MEX,Food - Animal Feed /MEX,FOOD-ANIMAL FD /MEX
506Y,9999-12-31 00:00:00,USV3,2019-04-01 00:00:00,2020-09-11 00:00:00,FHASEGAWA,,,.,,,,,,506Y,,,,,,,,,,EN,,,,,,,,,US50,,,,,,,,,,,,,,,Internal Cap/RE/NYK,Internal Capital & R/E/NYK,INTERNAL CAP/RE/NYK
506Z,9999-12-31 00:00:00,USV3,2019-04-01 00:00:00,2020-09-11 00:00:00,FHASEGAWA,,,.,,,,,,506Z,,,,,,,,,,EN,,,,,,,,,US50,,,,,,,,,,,,,,,Food Division/NYK,Food Div./NYK,FOOD DIVISION/NYK
507A,9999-12-31 00:00:00,USV3,2019-04-01 00:00:00,2020-09-11 00:00:00,FHASEGAWA,,,.,,,,,,507A,,,General Products & Realty Division,,,,,,,EN,,,,,,,,,US50,,,,,,,,,,,,,,,Pulp & Paper/NYK,Pulp & Paper Materials/NYK,PULP & PAPER/NYK
507B,9999-12-31 00:00:00,USV3,2019-04-01 00:00:00,2020-09-11 00:00:00,FHASEGAWA,,,.,,,,US,,507B,,,General Products & Realty Division,NEW YORK,NEW YORK,1251 Avenue of the Americas,,10020-1104,,EN,,(415) 399-3700,,,,,,,US50,,,,,USNY100201104,NY,,,,,,,,,Pulp &Paper Prod/SFR,Pulp & Paper Products/SFR,PULP &PAPER PROD/SFR
507C,9999-12-31 00:00:00,USV3,2019-04-01 00:00:00,2020-09-11 00:00:00,FHASEGAWA,,,.,,,,,,507C,,,General Products & Realty Division,,,,,,,EN,,,,,,,,,US50,,,,,,,,,,,,,,,Cement/NYK,Cement /NYK,CEMENT/NYK
507D,9999-12-31 00:00:00,USV3,2019-04-01 00:00:00,2020-09-11 00:00:00,FHASEGAWA,,,.,,,,US,,507D,,,General Products & Realty Division,NEW YORK,NEW YORK,1251 Avenue of the Americas,,10020-1104,,EN,,(415) 399-3700,,,,,,,US50,,,,,USNY100201104,NY,,,,,,,,,Tires II /NYK,Tires II /NYK,TIRES II /NYK
507F,9999-12-31 00:00:00,USV3,2024-01-01 00:00:00,2024-10-20 00:00:00,ALCHAN,,,.,,,,US,,507F,,,,New York,,1251 Avenue of the Americas,,10020-1104,,EN,,,,,,,,,US50,,,,,USNY100201104,NY,,,,,,,,,IMI GP Walsh LLC Equ,IMI GP Walsh LLC Equity ,IMI GP WALSH LLC EQU
507G,9999-12-31 00:00:00,USV3,2024-01-01 00:00:00,2024-07-29 00:00:00,ALCHAN,,,.,,,,,,507G,,,,,,,,,,EN,,,,,,,,,US50,,,,,,,,,,,,,,,IMI GP Equity,IMI GP Equity,IMI GP EQUITY
507H,9999-12-31 00:00:00,USV3,2022-01-01 00:00:00,2022-03-29 00:00:00,STAM,,,.,,,,,,507H,,,,,,,,,,EN,,,,,,,,,US50,,,,,,,,,,,,,,,IBP Holdings Inc.,IBP Holdings Inc. Equity,IBP HOLDINGS INC.
507I,9999-12-31 00:00:00,USV3,2024-01-01 00:00:00,2024-07-29 00:00:00,ALCHAN,,,.,,,,,,507I,,,,,,,,,,EN,,,,,,,,,US50,,,,,,,,,,,,,,,IMI Charlotte LP Equ,IMI Charlotte LP Equity,IMI CHARLOTTE LP EQU
507J,9999-12-31 00:00:00,USV3,2024-01-01 00:00:00,2024-10-20 00:00:00,ALCHAN,,,.,,,,US,,507J,,,,New York,,1251 Avenue of the Americas,,10020-1104,,EN,,,,,,,,,US50,,,,,USNY100201104,NY,,,,,,,,,IMI Walsh LP Equity,IMI Walsh LP Equity,IMI WALSH LP EQUITY
507K,9999-12-31 00:00:00,USV3,2019-04-01 00:00:00,2020-09-11 00:00:00,FHASEGAWA,,,.,,,,,,507K,,,,,,,,,,EN,,,,,,,,,US50,,,,,,,,,,,X,,,,Alta Forest Products,Alta Forest Products LLC /NYK,ALTA FOREST PRODUCTS
507M,9999-12-31 00:00:00,USV3,2019-04-01 00:00:00,2020-09-11 00:00:00,FHASEGAWA,,,.,,,,,,507M,,,,,,,,,,EN,,,,,,,,,US50,,,,,,,,,,,X,,,,Master Halco /NYK,Master Halco /NYK,MASTER HALCO /NYK
507N,9999-12-31 00:00:00,USV3,2019-04-01 00:00:00,2020-09-11 00:00:00,FHASEGAWA,,,.,,,,,,507N,,,,,,,,,,EN,,,,,,,,,US50,,,,,,,,,,,,,,,Cerabeads /NYK,Cerabeads /NYK,CERABEADS /NYK
507O,9999-12-31 00:00:00,USV3,2019-04-01 00:00:00,2020-09-11 00:00:00,FHASEGAWA,,,.,,,,US,,507O,,,,NEW YORK,NEW YORK,1251 Avenue of the Americas,,10020-1104,,EN,,(415) 399-3700,,,,,,,US50,,,,,USNY100201104,NY,,,,,,,,,Realty /NYK,Realty /NYK,REALTY /NYK
507P,9999-12-31 00:00:00,USV3,2019-04-01 00:00:00,2020-10-15 00:00:00,VNHUNG,,,.,,,,US,,507P,,,,NEW YORK,NEW YORK,1251 Avenue of the Americas,,10020-1104,,EN,,(415) 399-3700,,,,,,,US50,,,,,USNY100201104,NY,,,,,,,,,Business Development,Business Development /NYK,BUSINESS DEVELOPMENT
507Q,9999-12-31 00:00:00,USV3,2019-04-01 00:00:00,2020-09-11 00:00:00,FHASEGAWA,,,.,,,,,,507Q,,,,,,,,,,EN,,,,,,,,,US50,,,,,,,,,,,,,,,Pacific Woodtech/NYK,Pacific Woodtech Equity A/C/NY,PACIFIC WOODTECH/NYK
507R,9999-12-31 00:00:00,USV3,2019-04-01 00:00:00,2020-09-11 00:00:00,FHASEGAWA,,,.,,,,,,507R,,,,,,,,,,EN,,,,,,,,,US50,,,,,,,,,,,,,,,Project Gemini /NYK,Project Gemini /NYK,PROJECT GEMINI /NYK
507S,9999-12-31 00:00:00,USV3,2019-04-01 00:00:00,2020-09-11 00:00:00,FHASEGAWA,,,.,,,,US,,507S,,,,NEW YORK,NEW YORK,1251 Avenue of the Americas,,10020-1104,,EN,,(415) 399-3700,,,,,,,US50,,,,,USNY100201104,NY,,,,,X,,,,ITR-USA Inc. /NYK,ITR-USA Inc. /NYK,ITR-USA INC. /NYK
507T,9999-12-31 00:00:00,USV3,2019-04-01 00:00:00,2020-09-11 00:00:00,FHASEGAWA,,,.,,,,,,507T,,,,,,,,,,EN,,,,,,,,,US50,,,,,,,,,,,X,,,,Primesource /NYK,Primesource/NYK,PRIMESOURCE /NYK
507U,9999-12-31 00:00:00,USV3,2019-04-01 00:00:00,2020-09-11 00:00:00,FHASEGAWA,,,.,,,,,,507U,,,,,,,,,,EN,,,,,,,,,US50,,,,,,,,,,,X,,,,Building Material,Building Material,BUILDING MATERIAL
507V,9999-12-31 00:00:00,USV3,2019-04-01 00:00:00,2020-09-11 00:00:00,FHASEGAWA,,,.,,,,,,507V,,,,,,,,,,EN,,,,,,,,,US50,,,,,,,,,,,,,,,General Products/MEX,General Products /MEX,GENERAL PRODUCTS/MEX
507X,9999-12-31 00:00:00,USV3,2023-01-01 00:00:00,2023-09-26 00:00:00,ALCHAN,,,.,,,,,,507X,,,Log & Lumber (Historical),,,,,,,EN,,,,,,,,,US50,,,,,,,,,,,,,,,Log & Lumber (Hist),Log & Lumber (Historical),LOG & LUMBER (HIST)
507Y,9999-12-31 00:00:00,USV3,2019-04-01 00:00:00,2020-09-11 00:00:00,FHASEGAWA,,,.,,,,,,507Y,,,,,,,,,,EN,,,,,,,,,US50,,,,,,,,,,,,,,,Internal Cap/RE/NYK,Internal Capital & R/E/NYK,INTERNAL CAP/RE/NYK
507Z,9999-12-31 00:00:00,USV3,2019-04-01 00:00:00,2020-09-11 00:00:00,FHASEGAWA,,,.,,,,,,507Z,,,,,,,,,,EN,,,,,,,,,US50,,,,,,,,,,,,,,,G/M Div A/C,G/M Div./NYK,G/M DIV A/C
508A,9999-12-31 00:00:00,USV3,2019-04-01 00:00:00,2020-09-11 00:00:00,FHASEGAWA,,,.,,,,US,,508A,,,,NEW YORK,NEW YORK,1251 Avenue of the Americas,,10020-1104,,EN,,(330) 670-1110,,,,,,,US50,,,,,USNY100201104,NY,,,,,X,,,,TXAX /NYK,TXAX /NYK,TXAX /NYK
508B,9999-12-31 00:00:00,USV3,2024-01-01 00:00:00,2024-09-24 00:00:00,ALCHAN,,,.,,,,,,508B,,,,,,,,,,EN,,(713) 843-6500,,,,,,,US50,,,,,,,,,,,,,,,Maypro,Maypro,MAYPRO
508C,9999-12-31 00:00:00,USV3,2025-01-01 00:00:00,2026-03-20 00:00:00,DNGO,,,.,,,,,,508C,,,Energy & Chemicals Division,,,,,,,EN,,,,,,,,,US50,,,,,,,,,,,,,,,Battery Materials,Battery Materials,BATTERY MATERIALS
508K,9999-12-31 00:00:00,USV3,2019-04-01 00:00:00,2020-09-11 00:00:00,FHASEGAWA,,,.,,,,US,,508K,,,,HOUSTON,,"750 Town and Country Blvd., Ste 600",,77024-4161,,EN,,(713) 843-6500,,,,,,,US50,,,,,USTX770244161,TX,,,,,X,,,,Helmitin USA Equity,Helmitin USA Equtiy A/C,HELMITIN USA EQUITY
508L,9999-12-31 00:00:00,USV3,2019-04-01 00:00:00,2020-09-11 00:00:00,FHASEGAWA,,,.,,,,US,,508L,,,,HOUSTON,,"750 Town and Country Blvd., Ste 600",,77024-4161,,EN,,(713) 843-6500,,,,,,,US50,,,,,USTX770244161,TX,,,,,X,,,,Helmitin Canada Eqty,Helmitin Canada Equtiy A/C,HELMITIN CANADA EQTY
508M,9999-12-31 00:00:00,USV3,2019-04-01 00:00:00,2020-09-11 00:00:00,FHASEGAWA,,,.,,,,US,,508M,,,,HOUSTON,,"750 Town and Country Blvd., Ste 600",,77024-4161,,EN,,(713) 843-6500,,,,,,,US50,,,,,USTX770244161,TX,,,,,,,,,ITOCHU Chemical,ITOCHU Chemical America,ITOCHU CHEMICAL
508N,9999-12-31 00:00:00,USV3,2019-04-01 00:00:00,2020-09-11 00:00:00,FHASEGAWA,,,.,,,,US,,508N,,,,NEW YORK,NEW YORK,1251 Avenue of the Americas,,10020-1104,,EN,,(330) 670-1110,,,,,,,US50,,,,,USNY100201104,NY,,,,,,,,,Reynolds /NYK,Reynolds /NYK,REYNOLDS /NYK
508O,9999-12-31 00:00:00,USV3,2019-04-01 00:00:00,2020-09-11 00:00:00,FHASEGAWA,,,.,,,,US,,508O,,,,NEW YORK,NEW YORK,1251 Avenue of the Americas,,10020-1104,,EN,,(713) 843-6500,,,,,,,US50,,,,,USNY100201104,NY,,,,,X,,,,MGI Int'l Affil,MGI International Affil,MGI INT'L AFFIL
508P,9999-12-31 00:00:00,USV3,2019-04-01 00:00:00,2020-09-11 00:00:00,FHASEGAWA,,,.,,,,US,,508P,,,,HOUSTON,,"750 Town and Country Blvd., Ste 600",,77024-4161,,EN,,(713) 843-6500,,,,,,,US50,,,,,USTX770244161,TX,,,,,X,,,,Bonset(America),Bonset(America),BONSET(AMERICA)
508V,9999-12-31 00:00:00,USV3,2019-04-01 00:00:00,2020-09-11 00:00:00,FHASEGAWA,,,.,,,,US,,508V,,,,NEW YORK,NEW YORK,1251 Avenue of the Americas,,10020-1104,,EN,,(330) 670-1110,,,,,,,US50,,,,,USNY100201104,NY,,,,,,,,,Chemical Mexico,ITOCHU Mexico- Chemical /MEX,CHEMICAL MEXICO
508X,9999-12-31 00:00:00,USV3,2022-01-01 00:00:00,2022-10-17 00:00:00,KFUKUYAMA,,,.,,,,,,508X,,,Energy & Chemicals Div.,,,,,,,EN,,,,,,,,,US50,,,,,,,,,,,,,,,MGI Int'l LLC Consol,MGI International LLC Consol,MGI INT'L LLC CONSOL
508Y,9999-12-31 00:00:00,USV3,2019-04-01 00:00:00,2020-09-11 00:00:00,FHASEGAWA,,,.,,,,US,,508Y,,,,HOUSTON,,"750 Town and Country Blvd., Ste 600",,77024-4161,,EN,,(713) 843-6500,,,,,,,US50,,,,,USTX770244161,TX,,,,,,,,,ChemDiv Int Cap & RE,ChemDiv Int Capital & R/E,CHEMDIV INT CAP & RE
508Z,9999-12-31 00:00:00,USV3,2019-04-01 00:00:00,2020-09-11 00:00:00,FHASEGAWA,,,.,,,,US,,508Z,,,,HOUSTON,,"750 Town and Country Blvd., Ste 600",,77024-4161,,EN,,(713) 843-6500,,,,,,,US50,,,,,USTX770244161,TX,,,,,,,,,Chemical DIV_AC,Chemical DIV_AC,CHEMICAL DIV_AC
509L,9999-12-31 00:00:00,USV3,2019-04-01 00:00:00,2020-09-11 00:00:00,FHASEGAWA,,,.,,,,,,509L,,,,,,,,,,EN,,,,,,,,,US50,,,,,,,,,,,X,,,,Trademark Merchant,Trademark Merchant Energy /NYK,TRADEMARK MERCHANT
509M,9999-12-31 00:00:00,USV3,2019-04-01 00:00:00,2020-09-11 00:00:00,FHASEGAWA,,,.,,,,,,509M,,,,,,,,,,EN,,,,,,,,,US50,,,,,,,,,,,X,,,,Magnus Shoreline/NYK,Magnus Shoreline / NYK,MAGNUS SHORELINE/NYK
509P,9999-12-31 00:00:00,USV3,2019-04-01 00:00:00,2020-09-11 00:00:00,FHASEGAWA,,,.,,,,,,509P,,,,,,,,,,EN,,,,,,,,,US50,,,,,,,,,,,X,,,,Power & Utility,Power & Utility,POWER & UTILITY
509Q,9999-12-31 00:00:00,USV3,2019-04-01 00:00:00,2020-09-11 00:00:00,FHASEGAWA,,,.,,,,,,509Q,,,Energy & Chemicals Division,,,,,,,EN,,,,,,,,,US50,,,,,,,,,,,,,,,Battery Business,Battery Business,BATTERY BUSINESS
509W,9999-12-31 00:00:00,USV3,2019-04-01 00:00:00,2020-09-11 00:00:00,FHASEGAWA,,,.,,,,,,509W,,,,,,,,,,EN,,,,,,,,,US50,,,,,,,,,,,,,,,Internal Cap/RE,Internal Cap & RE A/C,INTERNAL CAP/RE
509X,9999-12-31 00:00:00,USV3,2019-04-01 00:00:00,2020-09-11 00:00:00,FHASEGAWA,,,.,,,,,,509X,,,,,,,,,,EN,,,,,,,,,US50,,,,,,,,,,,,,,,Power & Environ AC,Power & Environmental A/C,POWER & ENVIRON AC
509Y,9999-12-31 00:00:00,USV3,2019-04-01 00:00:00,2020-09-11 00:00:00,FHASEGAWA,,,.,,,,,,509Y,,,,,,,,,,EN,,,,,,,,,US50,,,,,,,,,,,,,,,Intern Cap & RE /NYK,Internal Cap & RE /NYK,INTERN CAP & RE /NYK
509Z,9999-12-31 00:00:00,USV3,2019-04-01 00:00:00,2020-09-11 00:00:00,FHASEGAWA,,,.,,,,,,509Z,,,,,,,,,,EN,,,,,,,,,US50,,,,,,,,,,,,,,,Branch Gen Mgr /NYK,Branch General Manager /NYK,BRANCH GEN MGR /NYK
50A1,9999-12-31 00:00:00,USV3,2019-04-01 00:00:00,2020-09-11 00:00:00,FHASEGAWA,,,.,,,,,,50A1,,,,,,,,,,EN,,,,,,,,,US50,,,,,,,,,,,,,,,Divisional Acct /NYK,Divisional Accounting /NYK,DIVISIONAL ACCT /NYK
50A2,9999-12-31 00:00:00,USV3,2019-04-01 00:00:00,2020-09-11 00:00:00,FHASEGAWA,,,.,,,,,,50A2,,,,,,,,,,EN,,,,,,,,,US50,,,,,,,,,,,,,,,Corporate Credit/NYK,Corporate Credit /NYK,CORPORATE CREDIT/NYK
50A3,9999-12-31 00:00:00,USV3,2019-04-01 00:00:00,2020-09-11 00:00:00,FHASEGAWA,,,.,,,,,,50A3,,,,,,,,,,EN,,,,,,,,,US50,,,,,,,,,,,,,,,Financial Acctng&Rep,Financial Accounting&Reporting,FINANCIAL ACCTNG&REP
50A4,9999-12-31 00:00:00,USV3,2019-04-01 00:00:00,2020-09-11 00:00:00,FHASEGAWA,,,.,,,,,,50A4,,,,,,,,,,EN,,,,,,,,,US50,,,,,,,,,,,,,,,Finan. Risk Mgmt/NYK,Financial Risk Management/NYK,FINAN. RISK MGMT/NYK
50A5,9999-12-31 00:00:00,USV3,2019-04-01 00:00:00,2020-09-11 00:00:00,FHASEGAWA,,,.,,,,US,,50A5,,,,EL SEGUNDO,,200 N. Pacific Coast Hwy Suite 925,,90245-5668,,EN,,(212) 818-8000,,,,,,,US50,,,,,USCA902455668,CA,,,,,X,,,,Planning&Contr Acctg,Planning &Controls Accting/NYK,PLANNING&CONTR ACCTG
50A6,9999-12-31 00:00:00,USV3,2019-04-01 00:00:00,2020-09-11 00:00:00,FHASEGAWA,,,.,,,,,,50A6,,,,,,,,,,EN,,,,,,,,,US50,,,,,,,,,,,X,,,,External Rprtng IFRS,External Reporting & IFRS/NYK,EXTERNAL RPRTNG IFRS
50A7,9999-12-31 00:00:00,USV3,2019-04-01 00:00:00,2020-09-11 00:00:00,FHASEGAWA,,,.,,,,,,50A7,,,,,,,,,,EN,,,,,,,,,US50,,,,,,,,,,,,,,,Corp Acct/Controller,Corp. Accting / Controller/NYK,CORP ACCT/CONTROLLER
50A8,9999-12-31 00:00:00,USV3,2019-04-01 00:00:00,2020-09-11 00:00:00,FHASEGAWA,,,.,,,,,,50A8,,,,,,,,,,EN,,,,,,,,,US50,,,,,,,,,,,,,,,Financial Systems/NY,Financial Systems /NYK,FINANCIAL SYSTEMS/NY
50B1,9999-12-31 00:00:00,USV3,2019-04-01 00:00:00,2020-09-11 00:00:00,FHASEGAWA,,,.,,,,,,50B1,,,,,,,,,,EN,,,,,,,,,US50,,,,,,,,,,,,,,,Business Develp/NYK,Business Development /NYK,BUSINESS DEVELP/NYK
50B2,9999-12-31 00:00:00,USV3,2019-04-01 00:00:00,2020-09-11 00:00:00,FHASEGAWA,,,.,,,,,,50B2,,,,,,,,,,EN,,,,,,,,,US50,,,,,,,,,,,,,,,L.A. Branch Admin Ex,L.A. Branch Admin Exp A/C /LOS,L.A. BRANCH ADMIN EX
50B3,9999-12-31 00:00:00,USV3,2019-04-01 00:00:00,2020-09-11 00:00:00,FHASEGAWA,,,.,,,,,,50B3,,,,,,,,,,EN,,,,,,,,,US50,,,,,,,,,,,,,,,Washington DC Office,Washington D.C. Office/WSH,WASHINGTON DC OFFICE
50B4,9999-12-31 00:00:00,USV3,2019-04-01 00:00:00,2020-09-11 00:00:00,FHASEGAWA,,,.,,,,,,50B4,,,,,,,,,,EN,,,,,,,,,US50,,,,,,,,,,,X,,,,S.F. Branch Admin Ex,S.F. Branch Admin Exp A/C /SFR,S.F. BRANCH ADMIN EX
50B5,9999-12-31 00:00:00,USV3,2019-04-01 00:00:00,2020-09-11 00:00:00,FHASEGAWA,,,.,,,,,,50B5,,,,,,,,,,EN,,,,,,,,,US50,,,,,,,,,,,X,,,,Sil Valley Offc:MGR,Silicon Valley Office: Manager,SIL VALLEY OFFC:MGR
50B6,9999-12-31 00:00:00,USV3,2019-04-01 00:00:00,2020-09-11 00:00:00,FHASEGAWA,,,.,,,,,,50B6,,,,,,,,,,EN,,,,,,,,,US50,,,,,,,,,,,X,,,,Sil Valley Offc:NxtG,Silicon Valley Office:Next Gen,SIL VALLEY OFFC:NXTG
50C1,9999-12-31 00:00:00,USV3,2019-04-01 00:00:00,2020-09-11 00:00:00,FHASEGAWA,,,.,,,,,,50C1,,,,,,,,,,EN,,,,,,,,,US50,,,,,,,,,,,,,,,Corporate Planning,Corporate Planning /NYK,CORPORATE PLANNING
50C2,9999-12-31 00:00:00,USV3,2019-04-01 00:00:00,2020-09-11 00:00:00,FHASEGAWA,,,.,,,,,,50C2,,,,,,,,,,EN,,,,,,,,,US50,,,,,,,,,,,X,,,,Busn Plng & Analy/NY,Business Planning & Anayls/NYK,BUSN PLNG & ANALY/NY
50C3,9999-12-31 00:00:00,USV3,2024-01-01 00:00:00,2024-10-20 00:00:00,ALCHAN,,,.,,,,US,,50C3,,,,New York,,1251 Avenue of the Americas,,10020-1104,,EN,,,,,,,,,US50,,,,,USNY100201104,NY,,,,,,,,,Sustainability Dept.,Sustainability Department,SUSTAINABILITY DEPT.
50C4,9999-12-31 00:00:00,USV3,2024-01-01 00:00:00,2025-04-12 00:00:00,ALCHAN,,,.,,,,US,,50C4,,,,New York,,1251 Avenue of the Americas,,10020-1104,,EN,,,,,,,,,US50,,,,,USNY100201104,NY,,,,,,,,,BP&A,Business Planning & Analysis,BP&A
50C5,9999-12-31 00:00:00,USV3,2025-01-01 00:00:00,2026-03-27 00:00:00,TNLE,,,.,,,,US,,50C5,,,,New York,,1251 Avenue of the Americas,,10020-1104,,EN,,,,,,,,,US50,,,,,USNY100201104,NY,,,,,,,,,Corporate Dev,Corporate Development,CORPORATE DEV
50E1,9999-12-31 00:00:00,USV3,2019-04-01 00:00:00,2020-09-11 00:00:00,FHASEGAWA,,,.,,,,,,50E1,,,,,,,,,,EN,,,,,,,,,US50,,,,,,,,,,,,,,,Executive Office/NYK,Management/NYK,EXECUTIVE OFFICE/NYK
50E2,9999-12-31 00:00:00,USV3,2019-04-01 00:00:00,2020-09-11 00:00:00,FHASEGAWA,,,.,,,,,,50E2,,,,,,,,,,EN,,,,,,,,,US50,,,,,,,,,,,,,,,CFO A/C /NYK,CFO A/C /NYK,CFO A/C /NYK
50E3,9999-12-31 00:00:00,USV3,2024-01-01 00:00:00,2025-04-25 00:00:00,ALCHAN,,,.,,,,US,,50E3,,,,New York,,1251 Avenue of the Americas,,10020-1104,,EN,,,,,,,,,US50,,,,,USNY100201104,NY,,,,,,,,,CCO A/C - NYK,CCO A/C - NYK,CCO A/C - NYK
50F1,9999-12-31 00:00:00,USV3,2019-04-01 00:00:00,2020-09-11 00:00:00,FHASEGAWA,,,.,,,,,,50F1,,,,,,,,,,EN,,,,,,,,,US50,,,,,,,,,,,,,,,Corp Finance & Treas,Corp. Finance & Treas. Svc/NYK,CORP FINANCE & TREAS
50F2,9999-12-31 00:00:00,USV3,2019-04-01 00:00:00,2020-09-11 00:00:00,FHASEGAWA,,,.,,,,,,50F2,,,,,,,,,,EN,,,,,,,,,US50,,,,,,,,,,,,,,,Insurance Mgmt. /NYK,Insurance Mangement/NYK,INSURANCE MGMT. /NYK
50F3,9999-12-31 00:00:00,USV3,2019-04-01 00:00:00,2020-09-11 00:00:00,FHASEGAWA,,,.,,,,,,50F3,,,,,,,,,,EN,,,,,,,,,US50,,,,,,,,,,,,,,,Insurance /NYK,Insurance /NYK,INSURANCE /NYK
50G1,9999-12-31 00:00:00,USV3,2019-04-01 00:00:00,2020-09-11 00:00:00,FHASEGAWA,,,.,,,,,,50G1,,,,,,,,,,EN,,,,,,,,,US50,,,,,,,,,,,,,,,General Affairs /NYK,General Affairs /NYK,GENERAL AFFAIRS /NYK
50G2,9999-12-31 00:00:00,USV3,2019-04-01 00:00:00,2020-09-11 00:00:00,FHASEGAWA,,,.,,,,,,50G2,,,,,,,,,,EN,,,,,,,,,US50,,,,,,,,,,,,,,,1251 Office Rent/NYK,1251 Office Rent /NYK,1251 OFFICE RENT/NYK
50G3,9999-12-31 00:00:00,USV3,2019-04-01 00:00:00,2020-09-11 00:00:00,FHASEGAWA,,,.,,,,,,50G3,,,,,,,,,,EN,,,,,,,,,US50,,,,,,,,,,,X,,,,Office Rent /NYK,Office Rent /NYK,OFFICE RENT /NYK
50H1,9999-12-31 00:00:00,USV3,2019-04-01 00:00:00,2020-09-11 00:00:00,FHASEGAWA,,,.,,,,,,50H1,,,,,,,,,,EN,,,,,,,,,US50,,,,,,,,,,,,,,,"Payroll,Benefits,HR","Payroll,Benefits,HR Admin /NYK","PAYROLL,BENEFITS,HR"
50H2,9999-12-31 00:00:00,USV3,2019-04-01 00:00:00,2020-09-11 00:00:00,FHASEGAWA,,,.,,,,,,50H2,,,,,,,,,,EN,,,,,,,,,US50,,,,,,,,,,,,,,,Learning & Developme,Learning & Development/NYK,LEARNING & DEVELOPME
50H3,9999-12-31 00:00:00,USV3,2019-04-01 00:00:00,2020-09-11 00:00:00,FHASEGAWA,,,.,,,,,,50H3,,,,,,,,,,EN,,,,,,,,,US50,,,,,,,,,,,,,,,Expatriate Relations,Expatriate Relations/NYK,EXPATRIATE RELATIONS
50H4,9999-12-31 00:00:00,USV3,2019-04-01 00:00:00,2020-09-11 00:00:00,FHASEGAWA,,,.,,,,,,50H4,,,,,,,,,,EN,,,,,,,,,US50,,,,,,,,,,,,,,,HRIS /NYK,HRIS /NYK,HRIS /NYK
50H5,9999-12-31 00:00:00,USV3,2019-04-01 00:00:00,2020-09-11 00:00:00,FHASEGAWA,,,.,,,,,,50H5,,,,,,,,,,EN,,,,,,,,,US50,,,,,,,,,,,,,,,HR & General Affairs,HR & General Affairs/NYK,HR & GENERAL AFFAIRS
50I1,9999-12-31 00:00:00,USV3,2019-04-01 00:00:00,2020-09-11 00:00:00,FHASEGAWA,,,.,,,,,,50I1,,,,,,,,,,EN,,,,,,,,,US50,,,,,,,,,,,,,,,Itochu Canada/NYK,Itochu Canada Ltd/NYK,ITOCHU CANADA/NYK
50I2,9999-12-31 00:00:00,USV3,2019-04-01 00:00:00,2020-09-11 00:00:00,FHASEGAWA,,,.,,,,,,50I2,,,,,,,,,,EN,,,,,,,,,US50,,,,,,,,,,,,,,,ITOCHU Mexico /NYK,ITOCHU Mexico /NYK,ITOCHU MEXICO /NYK
50L1,9999-12-31 00:00:00,USV3,2019-04-01 00:00:00,2020-09-11 00:00:00,FHASEGAWA,,,.,,,,,,50L1,,,,,,,,,,EN,,,,,,,,,US50,,,,,,,,,,,,,,,Customs /NYK,Customs /NYK,CUSTOMS /NYK
50L2,9999-12-31 00:00:00,USV3,2019-04-01 00:00:00,2020-09-11 00:00:00,FHASEGAWA,,,.,,,,,,50L2,,,,,,,,,,EN,,,,,,,,,US50,,,,,,,,,,,,,,,Legal /NYK,Legal /NYK,LEGAL /NYK
50N1,9999-12-31 00:00:00,USV3,2019-04-01 00:00:00,2020-09-11 00:00:00,FHASEGAWA,,,.,,,,,,50N1,,,,,,,,,,EN,,,,,,,,,US50,,,,,,,,,,,X,,,,Internal Audit /NYK,Internal Audit /NYK,INTERNAL AUDIT /NYK
50N2,9999-12-31 00:00:00,USV3,2023-01-01 00:00:00,2023-10-06 00:00:00,ALCHAN,,,.,,,,,,50N2,,,,,,,,,,EN,,,,,,,,,US50,,,,,,,,,,,,,,,Mobile Business,Mobile Business,MOBILE BUSINESS
50Q1,9999-12-31 00:00:00,USV3,2019-04-01 00:00:00,2020-09-11 00:00:00,FHASEGAWA,,,.,,,,,,50Q1,,,,,,,,,,EN,,,,,,,,,US50,,,,,,,,,,,,,,,"P/R, Benefits&HR Adm","Payroll,Benefits,HR Admin /NYK","P/R, BENEFITS&HR ADM"
50Q2,9999-12-31 00:00:00,USV3,2019-04-01 00:00:00,2020-09-11 00:00:00,FHASEGAWA,,,.,,,,,,50Q2,,,,,,,,,,EN,,,,,,,,,US50,,,,,,,,,,,,,,,Fixed Assets/NYK,Fixed Assets/NYK,FIXED ASSETS/NYK
50Q3,9999-12-31 00:00:00,USV3,2019-04-01 00:00:00,2020-09-11 00:00:00,FHASEGAWA,,,.,,,,,,50Q3,,,,,,,,,,EN,,,,,,,,,US50,,,,,,,,,,,,,,,FCO Funds Control US,FCO Funds Control US,FCO FUNDS CONTROL US
50Q4,9999-12-31 00:00:00,USV3,2019-04-01 00:00:00,2020-09-11 00:00:00,FHASEGAWA,,,.,,,,,,50Q4,,,,,,,,,,EN,,,,,,,,,US50,,,,,,,,,,,,,,,Overhead Alloc A/C,Overhead Allocation A/C /NYK,OVERHEAD ALLOC A/C
50Q5,9999-12-31 00:00:00,USV3,2019-04-01 00:00:00,2020-09-11 00:00:00,FHASEGAWA,,,.,,,,,,50Q5,,,,,,,,,,EN,,,,,,,,,US50,,,,,,,,,,,,,,,Tax Accting Balances,Tax Accounting Balances /NYK,TAX ACCTING BALANCES
50Q6,9999-12-31 00:00:00,USV3,2019-04-01 00:00:00,2020-09-11 00:00:00,FHASEGAWA,,,.,,,,,,50Q6,,,,,,,,,,EN,,,,,,,,,US50,,,,,,,,,,,,,,,Head Office,Head Office/NYK,HEAD OFFICE
50Q7,9999-12-31 00:00:00,USV3,2019-04-01 00:00:00,2020-09-11 00:00:00,FHASEGAWA,,,.,,,,,,50Q7,,,,,,,,,,EN,,,,,,,,,US50,,,,,,,,,,,,,,,Head Office General,Head Office General/NYK,HEAD OFFICE GENERAL
50Q8,9999-12-31 00:00:00,USV3,2019-04-01 00:00:00,2020-10-14 00:00:00,VNHUNG,,,.,,,,,,50Q8,,,,,,,,,,EN,,,,,,,,,US50,,,,,,,,,,,,,,,PCC,PCC,PCC
50S1,9999-12-31 00:00:00,USV3,2019-04-01 00:00:00,2020-09-11 00:00:00,FHASEGAWA,,,.,,,,,,50S1,,,,,,,,,,EN,,,,,,,,,US50,,,,,,,,,,,,,,,Info Sys (Comm)/NYK,Information System(Comm)/NYK,INFO SYS (COMM)/NYK
50S2,9999-12-31 00:00:00,USV3,2019-04-01 00:00:00,2020-09-11 00:00:00,FHASEGAWA,,,.,,,,,,50S2,,,,,,,,,,EN,,,,,,,,,US50,,,,,,,,,,,,,,,Info Sys (Phone)/NYK,Information System(Phone)/NYK,INFO SYS (PHONE)/NYK
50S3,9999-12-31 00:00:00,USV3,2019-04-01 00:00:00,2020-09-11 00:00:00,FHASEGAWA,,,.,,,,,,50S3,,,,,,,,,,EN,,,,,,,,,US50,,,,,,,,,,,,,,,Info Sys (Comp)/NYK,Information System(Oper)/NYK,INFO SYS (COMP)/NYK
50S4,9999-12-31 00:00:00,USV3,2019-04-01 00:00:00,2020-09-11 00:00:00,FHASEGAWA,,,.,,,,,,50S4,,,,,,,,,,EN,,,,,,,,,US50,,,,,,,,,,,,,,,Information Sys /NYK,Information Systems/NYK,INFORMATION SYS /NYK
50T1,9999-12-31 00:00:00,USV3,2019-04-01 00:00:00,2020-09-11 00:00:00,FHASEGAWA,,,.,,,,,,50T1,,,,,,,,,,EN,,,,,,,,,US50,,,,,,,,,,,,,,,Tax /NYK,Tax/NYK,TAX /NYK
50V1,9999-12-31 00:00:00,USV3,2019-04-01 00:00:00,2020-09-11 00:00:00,FHASEGAWA,,,.,,,,,,50V1,,,,,,,,,,EN,,,,,,,,,US50,,,,,,,,,,,,,,,Enterprise Invest/NY,Enterprise Investments /NYK,ENTERPRISE INVEST/NY
50V2,9999-12-31 00:00:00,USV3,2019-04-01 00:00:00,2020-09-11 00:00:00,FHASEGAWA,,,.,,,,US,,50V2,,,,NEW YORK,NEW YORK,1251 Avenue of the Americas,,10020-1104,,EN,,(212) 818-8000,,,,,,,US50,,,,,USNY100201104,NY,,,,,,,,,Master Halco /NYK,Master Halco /NYK,MASTER HALCO /NYK
50V3,9999-12-31 00:00:00,USV3,2019-04-01 00:00:00,2020-09-11 00:00:00,FHASEGAWA,,,.,,,,,,50V3,,,,,,,,,,EN,,,,,,,,,US50,,,,,,,,,,,,,,,Joint Internet /NYK,Joint Internet Investment/NYK,JOINT INTERNET /NYK
50V4,9999-12-31 00:00:00,USV3,2019-04-01 00:00:00,2020-09-11 00:00:00,FHASEGAWA,,,.,,,,,,50V4,,,,,,,,,,EN,,,,,,,,,US50,,,,,,,,,,,,,,,Development & Ven-Ex,Development & Ven-Exp A/C /NYK,DEVELOPMENT & VEN-EX
50V5,9999-12-31 00:00:00,USV3,2019-04-01 00:00:00,2020-09-11 00:00:00,FHASEGAWA,,,.,,,,,,50V5,,,,,,,,,,EN,,,,,,,,,US50,,,,,,,,,,,X,,,,Capital Venture /NYK,Capital Venture Invest/NYK,CAPITAL VENTURE /NYK
50XA,9999-12-31 00:00:00,USV3,2024-01-01 00:00:00,2024-07-18 00:00:00,ALCHAN,,,.,,,,,,50H1,,,,,,,,,,EN,,,,,,,,,US50,,,,,,,,,,,,,,,RS PR - AII,RS - Auto Investment Inc,RS PR - AII
50XB,9999-12-31 00:00:00,USV3,2024-01-01 00:00:00,2024-07-22 00:00:00,ALCHAN,,,.,,,,,,50XB,,,,,,,,,,EN,,,,,,,,,US50,,,,,,,,,,,,,,,RS PR - CTCA,RS - ITOCHU Techno-Solutions America Inc,RS PR - CTCA
50XC,9999-12-31 00:00:00,USV3,2024-01-01 00:00:00,2024-07-18 00:00:00,ALCHAN,,,.,,,,,,50XC,,,,,,,,,,EN,,,,,,,,,US50,,,,,,,,,,,,,,,RS PR - DPF,"RS - Dole Packaged Foods, LLC",RS PR - DPF
50XD,9999-12-31 00:00:00,USV3,2024-01-01 00:00:00,2024-07-18 00:00:00,ALCHAN,,,.,,,,,,50XD,,,,,,,,,,EN,,,,,,,,,US50,,,,,,,,,,,,,,,RS PR - IAA,"RS - ITOCHU Aviation, Inc",RS PR - IAA
50XE,9999-12-31 00:00:00,USV3,2024-01-01 00:00:00,2024-07-18 00:00:00,ALCHAN,,,.,,,,,,50XE,,,,,,,,,,EN,,,,,,,,,US50,,,,,,,,,,,,,,,RS PR - IAAI,RS - ITOCHU Automobile America Inc,RS PR - IAAI
50XF,9999-12-31 00:00:00,USV3,2024-01-01 00:00:00,2024-07-18 00:00:00,ALCHAN,,,.,,,,,,50XF,,,,,,,,,,EN,,,,,,,,,US50,,,,,,,,,,,,,,,RS PR - ICAI,"RS - ITOCHU Chemicals, Inc",RS PR - ICAI
50XG,9999-12-31 00:00:00,USV3,2024-01-01 00:00:00,2024-07-18 00:00:00,ALCHAN,,,.,,,,,,50XG,,,,,,,,,,EN,,,,,,,,,US50,,,,,,,,,,,,,,,RS PR - ICREST,RS - ICREST International LLC,RS PR - ICREST
50XH,9999-12-31 00:00:00,USV3,2024-01-01 00:00:00,2024-07-18 00:00:00,ALCHAN,,,.,,,,,,50XH,,,,,,,,,,EN,,,,,,,,,US50,,,,,,,,,,,,,,,RS PR - ICRI,RS - ITC Coal Resources Int'l Inc,RS PR - ICRI
50XI,9999-12-31 00:00:00,USV3,2024-01-01 00:00:00,2024-07-18 00:00:00,ALCHAN,,,.,,,,,,50XI,,,,,,,,,,EN,,,,,,,,,US50,,,,,,,,,,,,,,,RS PR - IFAI,"RS - Isuzu Finance of America, Inc",RS PR - IFAI
50XJ,9999-12-31 00:00:00,USV3,2024-01-01 00:00:00,2024-07-18 00:00:00,ALCHAN,,,.,,,,,,50H1,,,,,,,,,,EN,,,,,,,,,US50,,,,,,,,,,,,,,,RS PR - IPU,RS - ITOCHU Prominent USA LLC,RS PR - IPU
50XK,9999-12-31 00:00:00,USV3,2024-01-01 00:00:00,2024-07-18 00:00:00,ALCHAN,,,.,,,,,,50H1,,,,,,,,,,EN,,,,,,,,,US50,,,,,,,,,,,,,,,RS PR - REY,RS - The Reynolds Company,RS PR - REY
50XL,9999-12-31 00:00:00,USV3,2024-01-01 00:00:00,2024-06-27 00:00:00,ALCHAN,,,.,,,,,,50XL,,,,,,,,,,EN,,,,,,,,,US50,,,,,,,,,,,,,,,RS PR - TEX,RS - TEXMAC Inc,RS PR - TEX
50XX,9999-12-31 00:00:00,USV3,2024-01-01 00:00:00,2024-05-27 00:00:00,ALCHAN,,,.,,,,,,50H1,,,,,,,,,,EN,,,,,,,,,US50,,,,,,,,,,,,,,,RS PR - ADMIN,RS - Payroll Benefits Admin,RS PR - ADMIN
50XZ,9999-12-31 00:00:00,USV3,2024-01-01 00:00:00,2024-05-27 00:00:00,ALCHAN,,,.,,,,,,50H1,,,,,,,,,,EN,,,,,,,,,US50,,,,,,,,,,,,,,,RS PR - ITC RS,RS - ITC Rotational Staff,RS PR - ITC RS
517B,9999-12-31 00:00:00,USV3,2022-01-01 00:00:00,2022-08-29 00:00:00,STAM,,,"K.Vogt, VP",,,,,,,,,,,,,,,,EN,,,,,,,,,CA51,,,,,,,,,,,,,,,Pulp Department,Pulp Department,PULP DEPARTMENT
518A,9999-12-31 00:00:00,USV3,2019-04-01 00:00:00,2021-03-22 00:00:00,VNHUNG,,,"N. Takeda, VP & GM",,,,,,,,,,,,,,,,EN,,,,,,,,,CA51,,,,,,,,,,,,,,,Log Service/VCR,Log Service/VCR,LOG SERVICE/VCR
518B,9999-12-31 00:00:00,USV3,2019-04-01 00:00:00,2021-03-22 00:00:00,VNHUNG,,,"T. Fukuhara, Mgr.",,,,,,,,,,,,,,,,EN,,,,,,,,,CA51,,,,,,,,,,,,,,,Lumber/VCR,Lumber/VCR,LUMBER/VCR
51A1,9999-12-31 00:00:00,USV3,2019-04-01 00:00:00,2021-03-22 00:00:00,VNHUNG,,,"K. Vogt, VP",,,,,,,,,,,,,,,,EN,,,,,,,,,CA51,,,,,,,,,,,,,,,Acct/Fin Admin/VCR,Accounting/Finance Admin/VCR,ACCT/FIN ADMIN/VCR
51A2,9999-12-31 00:00:00,USV3,2019-04-01 00:00:00,2021-03-22 00:00:00,VNHUNG,,,"K. Vogt, VP",,,,,,,,,,,,,,,,EN,,,,,,,,,CA51,,,,,,,,,,,,,,,Branch Admin/VCR,Branch Admin/VCR,BRANCH ADMIN/VCR
51F1,9999-12-31 00:00:00,USV3,2019-04-01 00:00:00,2021-03-22 00:00:00,VNHUNG,,,.,,,,,,,,,,,,,,,,EN,,,,,,,,,CA51,,,,,,,,,,,,,,,Funds Control/VCR,Funds Control/VCR,FUNDS CONTROL/VCR
51G1,9999-12-31 00:00:00,USV3,2019-04-01 00:00:00,2021-03-22 00:00:00,VNHUNG,,,.,,,,,,,,,,,,,,,,EN,,,,,,,,,CA51,,,,,,,,,,,,,,,Branch Gen Mgr/VCR,Branch General Manager/VCR,BRANCH GEN MGR/VCR
51V1,9999-12-31 00:00:00,USV3,2019-04-01 00:00:00,2021-03-22 00:00:00,VNHUNG,,,.,,,,,,,,,,,,,,,,EN,,,,,,,,,CA51,,,,,,,,,,,,,,,Equity/VCR,Equity/VCR,EQUITY/VCR
521A,9999-12-31 00:00:00,USK4,2019-04-01 00:00:00,2021-05-25 00:00:00,MKITTAKA,,,.,,,,,,,,,,,,,,,,EN,,,,,,,,,MX52,,,,,,,,,,,,,,,Textile /ITM1,Textile /ITM1,TEXTILE /ITM1
522A,9999-12-31 00:00:00,USK4,2019-04-01 00:00:00,2021-05-25 00:00:00,MKITTAKA,,,.,,,,,,,,,,,,,,,,EN,,,,,,,,,MX52,,,,,,,,,,,,,,,Plant Project /ITM1,Plant Project /ITM1,PLANT PROJECT /ITM1
522B,9999-12-31 00:00:00,USK4,2019-04-01 00:00:00,2021-05-25 00:00:00,MKITTAKA,,,.,,,,,,,,,,,,,,,,EN,,,,,,,,,MX52,,,,,,,,,,,,,,,Power Project /ITM1,Power Project /ITM1,POWER PROJECT /ITM1
522C,9999-12-31 00:00:00,USK4,2019-04-01 00:00:00,2021-05-25 00:00:00,MKITTAKA,,,.,,,,,,,,,,,,,,,,EN,,,,,,,,,MX52,,,,,,,,,,,,,,,CIPSA Invest/ Equity,CIPSA Investment Equity Acct,CIPSA INVEST/ EQUITY
523A,9999-12-31 00:00:00,USK4,2019-04-01 00:00:00,2021-05-25 00:00:00,MKITTAKA,,,.,,,,,,,,,,,,,,,,EN,,,,,,,,,MX52,,,,,,,,,,,,,,,Metal NonFerrous/ITM,Metal NonFerrous /ITM1,METAL NONFERROUS/ITM
524A,9999-12-31 00:00:00,USK4,2019-04-01 00:00:00,2021-05-25 00:00:00,MKITTAKA,,,.,,,,,,,,,,,,,,,,EN,,,,,,,,,MX52,,,,,,,,,,,,,,,Food Products /ITM1,Food Products /ITM1,FOOD PRODUCTS /ITM1
524B,9999-12-31 00:00:00,USK4,2019-04-01 00:00:00,2021-05-25 00:00:00,MKITTAKA,,,.,,,,,,,,,,,,,,,,EN,,,,,,,,,MX52,,,,,,,,,,,,,,,Animal Food /ITM1,Animal Food /ITM1,ANIMAL FOOD /ITM1
526A,9999-12-31 00:00:00,USK4,2019-04-01 00:00:00,2021-05-25 00:00:00,MKITTAKA,,,.,,,,,,,,,,,,,,,,EN,,,,,,,,,MX52,,,,,,,,,,,,,,,Chemicals 1 /ITM1,Chemicals 1 /ITM1,CHEMICALS 1 /ITM1
526B,9999-12-31 00:00:00,USK4,2019-04-01 00:00:00,2021-05-25 00:00:00,MKITTAKA,,,.,,,,,,,,,,,,,,,,EN,,,,,,,,,MX52,,,,,,,,,,,,,,,Chemicals 2 /ITM1,Chemicals 2 /ITM1,CHEMICALS 2 /ITM1
527A,9999-12-31 00:00:00,USK4,2019-04-01 00:00:00,2021-05-25 00:00:00,MKITTAKA,,,.,,,,,,,,,,,,,,,,EN,,,,,,,,,MX52,,,,,,,,,,,,,,,Gen. Merchandise/ITM,General Merchandise /ITM1,GEN. MERCHANDISE/ITM
528A,9999-12-31 00:00:00,USK4,2019-04-01 00:00:00,2021-05-25 00:00:00,MKITTAKA,,,.,,,,,,,,,,,,,,,,EN,,,,,,,,,MX52,,,,,,,,,,,,,,,Info & Commun /ITM1,Information & Communication,INFO & COMMUN /ITM1
52A1,9999-12-31 00:00:00,USK4,2019-04-01 00:00:00,2021-05-25 00:00:00,MKITTAKA,,,.,,,,,,,,,,,,,,,,EN,,,,,,,,,MX52,,,,,,,,,,,,,,,Administration /ITM1,Administration /ITM1,ADMINISTRATION /ITM1
52F1,9999-12-31 00:00:00,USK4,2019-04-01 00:00:00,2021-05-25 00:00:00,MKITTAKA,,,.,,,,,,,,,,,,,,,,EN,,,,,,,,,MX52,,,,,,,,,,,,,,,Finance /ITM1,Finance /ITM1,FINANCE /ITM1
52T1,9999-12-31 00:00:00,USK4,2019-04-01 00:00:00,2021-05-25 00:00:00,MKITTAKA,,,.,,,,,,,,,,,,,,,,EN,,,,,,,,,MX52,,,,,,,,,,,,,,,Taxes /ITM1,Taxes /ITM1,TAXES /ITM1
IA3A,9999-12-31 00:00:00,USV3,2019-04-01 00:00:00,2021-03-22 00:00:00,VNHUNG,,,.,,,,,,"Mayo Yokoi, Manager",Tamaki Rice,,Tamaki Rice,,,,,,,EN,,,,,,,,,USIA,,,,,,,,,,,,,,,Tamaki Rice /ICR1,Tamaki Rice /ICR1,TAMAKI RICE /ICR1
IA3B,9999-12-31 00:00:00,USV3,2019-04-01 00:00:00,2021-03-22 00:00:00,VNHUNG,,,.,,,,,,,,,,,,,,,,EN,,,,,,,,,USIA,,,,,,,,,,,,,,,Fresh Food,Fresh Food,FRESH FOOD
IA4A,9999-12-31 00:00:00,USV3,2019-04-01 00:00:00,2021-03-22 00:00:00,VNHUNG,,,.,,,,,,"Roy Minohara, Director",Japanese Grocery Products,,Japanese Grocery Products,,,,,,,EN,,,,,,,,,USIA,,,,,,,,,,,,,,,Japanese Groceries /,Japanese Groceries /ICR1,JAPANESE GROCERIES /
IA4B,9999-12-31 00:00:00,USV3,2024-01-01 00:00:00,2024-07-10 00:00:00,NANH,,,.,,,,,,"Roy Minohara, Director",Japanese Grocery Products,,Japanese Grocery Products,,,,,,,EN,,,,,,,,,USIA,,,,,,,,,,,,,,,JGP-Misc,JGP-Misc,JGP-MISC
IA6A,9999-12-31 00:00:00,USV3,2019-04-01 00:00:00,2021-03-22 00:00:00,VNHUNG,,,.,,,,,,"Tomoaki Kuwamoto, General Manager",Trade Meat,,Trade Division (Meat),,,,,,,EN,,,,,,,,,USIA,,,,,,,,,,,,,,,Meat & Livestock/ICR,Meat & Livestock /ICR1,MEAT & LIVESTOCK/ICR
IA7A,9999-12-31 00:00:00,USV3,2019-04-01 00:00:00,2021-03-22 00:00:00,VNHUNG,,,.,,,,,,"Yasuaki Sagara, Sales Manager",Trade Vegetable,,Trade Division (Fresh Food),,,,,,,EN,,,,,,,,,USIA,,,,,,,,,,,,,,,Food Mktg & Dist/ICR,Food Marketing & Dist. /ICR1,FOOD MKTG & DIST/ICR
IA8A,9999-12-31 00:00:00,USV3,2019-04-01 00:00:00,2021-03-22 00:00:00,VNHUNG,,,.,,,,,,"Yasuaki Sagara, Sales Manager",Trade Dairy,,Trade Division (Provision),,,,,,,EN,,,,,,,,,USIA,,,,,,,,,,,,,,,Dairy /ICR1,Dairy /ICR1,DAIRY /ICR1
IA9A,9999-12-31 00:00:00,USV3,2019-04-01 00:00:00,2021-03-22 00:00:00,VNHUNG,,,.,,,,,,"Tomoaki Kuwamoto, General Manager",Trade Meat,,Trade Division (Meat),,,,,,,EN,,,,,,,,,USIA,,,,,,,,,,,,,,,Prima /ICR1,Prima /ICR1,PRIMA /ICR1
IAA1,9999-12-31 00:00:00,USV3,2019-04-01 00:00:00,2021-03-22 00:00:00,VNHUNG,,,.,,,,,,,,,,,,,,,,EN,,,,,,,,,USIA,,,,,,,,,,,,,,,Acctg & Finance/ICR1,Accounting & Finance /ICR1,ACCTG & FINANCE/ICR1
IAF1,9999-12-31 00:00:00,USV3,2019-04-01 00:00:00,2021-03-22 00:00:00,VNHUNG,,,.,,,,,,,,,,,,,,,,EN,,,,,,,,,USIA,,,,,,,,,,,,,,,Fund Control/Cap/ICR,Fund Control/Capital Acct/ICR1,FUND CONTROL/CAP/ICR
IB3A,9999-12-31 00:00:00,USV3,2019-04-01 00:00:00,2021-03-22 00:00:00,VNHUNG,,,.,,,,,,,,,,,,,,,,EN,,,,,,,,,USIB,,,,,,,,,,,,,,,Domestic,Domestic Business,DOMESTIC
IB4A,9999-12-31 00:00:00,USV3,2019-04-01 00:00:00,2021-03-22 00:00:00,VNHUNG,,,.,,,,,,,,,,,,,,,,EN,,,,,,,,,USIB,,,,,,,,,,,X,,,,International,International Business,INTERNATIONAL
IB4B,9999-12-31 00:00:00,USV3,2019-04-01 00:00:00,2021-03-22 00:00:00,VNHUNG,,,.,,,,,,,,,,,,,,,,EN,,,,,,,,,USIB,,,,,,,,,,,X,,,,RITO Partnership,RITO Partnership Invest,RITO PARTNERSHIP
IBA1,9999-12-31 00:00:00,USV3,2019-04-01 00:00:00,2021-03-22 00:00:00,VNHUNG,,,.,,,,,,,,,,,,,,,,EN,,,,,,,,,USIB,,,,,,,,,,,X,,,,Administration,Administration,ADMINISTRATION
IBC1,9999-12-31 00:00:00,USV3,2019-04-01 00:00:00,2021-03-22 00:00:00,VNHUNG,,,.,,,,,,,,,,,,,,,,EN,,,,,,,,,USIB,,,,,,,,,,,X,,,,Corp. Planning,Corporate Planning,CORP. PLANNING
IBE1,9999-12-31 00:00:00,USV3,2019-04-01 00:00:00,2021-03-22 00:00:00,VNHUNG,,,.,,,,,,,,,,,,,,,,EN,,,,,,,,,USIB,,,,,,,,,,,X,,,,CEO Office,CEO Office,CEO OFFICE
IBF1,9999-12-31 00:00:00,USV3,2019-04-01 00:00:00,2021-03-22 00:00:00,VNHUNG,,,.,,,,,,,,,,,,,,,,EN,,,,,,,,,USIB,,,,,,,,,,,X,,,,Funds Control,Funds Control,FUNDS CONTROL
IBR1,9999-12-31 00:00:00,USV3,2019-04-01 00:00:00,2021-03-22 00:00:00,VNHUNG,,,.,,,,,,,,,,,,,,,,EN,,,,,,,,,USIB,,,,,,,,,,,X,,,,Risk Management,Risk Management,RISK MANAGEMENT
IBT1,9999-12-31 00:00:00,USV3,2022-01-01 00:00:00,2022-03-29 00:00:00,STAM,,,.,,,,,,IBT1,,,,,,,,,,EN,,,,,,,,,USIB,,,,,,,,,,,X,,,,Tax Department,Tax Department,TAX DEPARTMENT
IC1A,9999-12-31 00:00:00,USV3,2019-04-01 00:00:00,2021-03-22 00:00:00,VNHUNG,,,.,,,,,,,,,,,,,,,,EN,,,,,,,,,USIC,,,,,,,,,,,,,,,AHN Domestic,Animal Health & Nutrition Dom,AHN DOMESTIC
IC2A,9999-12-31 00:00:00,USV3,2019-04-01 00:00:00,2021-03-22 00:00:00,VNHUNG,,,.,,,,,,,,,,,,,,,,EN,,,,,,,,,USIC,,,,,,,,,,,,,,,AHN International,Animal Health & Nutrition Intl,AHN INTERNATIONAL
IC3A,9999-12-31 00:00:00,USV3,2019-04-01 00:00:00,2021-03-22 00:00:00,VNHUNG,,,.,,,,,,,,,,,,,,,,EN,,,,,,,,,USIC,,,,,,,,,,,,,,,Feed Ingredients/QTI,Feed Ingredients /QTIA,FEED INGREDIENTS/QTI
IC4A,9999-12-31 00:00:00,USV3,2019-04-01 00:00:00,2021-03-22 00:00:00,VNHUNG,,,.,,,,,,,,,,,,,,,,EN,,,,,,,,,USIC,,,,,,,,,,,,,,,Lab Services,Lab Services,LAB SERVICES
IC5A,9999-12-31 00:00:00,USV3,2019-04-01 00:00:00,2021-03-22 00:00:00,VNHUNG,,,.,,,,,,,,,,,,,,,,EN,,,,,,,,,USIC,,,,,,,,,,,,,,,New Business Develop,New Business Development/QTIA,NEW BUSINESS DEVELOP
ICA2,9999-12-31 00:00:00,USV3,2019-04-01 00:00:00,2021-03-22 00:00:00,VNHUNG,,,.,,,,,,,,,,,,,,,,EN,,,,,,,,,USIC,,,,,,,,,,,,,,,Administration /QTIA,Administration /QTIA,ADMINISTRATION /QTIA
ICF1,9999-12-31 00:00:00,USV3,2019-04-01 00:00:00,2021-03-22 00:00:00,VNHUNG,,,.,,,,,,,,,,,,,,,,EN,,,,,,,,,USIC,,,,,,,,,,,,,,,Funds Control /QTIA,Funds Control /QTIA,FUNDS CONTROL /QTIA
ID3A,9999-12-31 00:00:00,USV3,2019-04-01 00:00:00,2021-09-27 00:00:00,MKITTAKA,,,.,,,,,,,,,,,,,,,,EN,,,,,,,,,USID,,,,,,,,,,,,,,,Mens Text  & Apparel,Mens Textile & Apparel /NYK,MENS TEXT  & APPAREL
ID3B,9999-12-31 00:00:00,USV3,2019-04-01 00:00:00,2021-09-27 00:00:00,MKITTAKA,,,.,,,,,,,,,,,,,,,,EN,,,,,,,,,USID,,,,,,,,,,,,,,,Men's Text/Appar/NYK,Men's Textile & Apparel /NYK,MEN'S TEXT/APPAR/NYK
ID3C,9999-12-31 00:00:00,USV3,2019-04-01 00:00:00,2021-09-27 00:00:00,MKITTAKA,,,.,,,,,,,,,,,,,,,,EN,,,,,,,,,USID,,,,,,,,,,,,,,,Vince Camuto /NYK,Vince Camuto /NYK,VINCE CAMUTO /NYK
ID3D,9999-12-31 00:00:00,USV3,2019-04-01 00:00:00,2021-09-27 00:00:00,MKITTAKA,,,.,,,,,,,,,,,,,,,,EN,,,,,,,,,USID,,,,,,,,,,,,,,,PE Shirt /NYK,PE Shirt /NYK,PE SHIRT /NYK
ID3E,9999-12-31 00:00:00,USV3,2019-04-01 00:00:00,2021-09-27 00:00:00,MKITTAKA,,,.,,,,,,,,,,,,,,,,EN,,,,,,,,,USID,,,,,,,,,,,,,,,Ryan Seacrest /NYK,Ryan Seacrest /NYK,RYAN SEACREST /NYK
ID3F,9999-12-31 00:00:00,USV3,2019-04-01 00:00:00,2021-09-27 00:00:00,MKITTAKA,,,.,,,,,,,,,,,,,,,,EN,,,,,,,,,USID,,,,,,,,,,,,,,,State of Matter /NYK,State of Matter /NYK,STATE OF MATTER /NYK
ID3G,9999-12-31 00:00:00,USV3,2019-04-01 00:00:00,2021-09-27 00:00:00,MKITTAKA,,,.,,,,,,,,,,,,,,,,EN,,,,,,,,,USID,,,,,,,,,,,,,,,Lands' End /NYK,Lands' End /NYK,LANDS' END /NYK
ID3H,9999-12-31 00:00:00,USV3,2023-01-01 00:00:00,2024-01-22 00:00:00,ALCHAN,,,.,,,,,,,,,,,,,,,,EN,,,,,,,,,USID,,,,,,,,,,,,,,,Studio.R330,Studio.R330,STUDIO.R330
ID3I,9999-12-31 00:00:00,USV3,2023-01-01 00:00:00,2024-02-27 00:00:00,ANKWOK,,,.,,,,,,,,,,,,,,,,EN,,,,,,,,,USID,,,,,,,,,,,,,,,Gramicci,Gramicci,GRAMICCI
ID4B,9999-12-31 00:00:00,USV3,2019-04-01 00:00:00,2021-09-27 00:00:00,MKITTAKA,,,.,,,,,,,,,,,,,,,,EN,,,,,,,,,USID,,,,,,,,,,,,,,,Textile & Apparel/NY,Textile & Apparel /NYK,TEXTILE & APPAREL/NY
ID4C,9999-12-31 00:00:00,USV3,2019-04-01 00:00:00,2021-09-27 00:00:00,MKITTAKA,,,.,,,,,,,,,,,,,,,,EN,,,,,,,,,USID,,,,,,,,,,,,,,,Brand Marketing #1,Brand Marketing No. 1 /NYK,BRAND MARKETING #1
ID4D,9999-12-31 00:00:00,USV3,2019-04-01 00:00:00,2021-09-27 00:00:00,MKITTAKA,,,.,,,,,,,,,,,,,,,,EN,,,,,,,,,USID,,,,,,,,,,,,,,,LeSportsac-NA /NYK,LeSportsac-NA /NYK,LESPORTSAC-NA /NYK
ID4E,9999-12-31 00:00:00,USV3,2019-04-01 00:00:00,2021-09-27 00:00:00,MKITTAKA,,,.,,,,,,,,,,,,,,,,EN,,,,,,,,,USID,,,,,,,,,,,,,,,Brand Marketing #2,Brand Marketing No. 2 /NYK,BRAND MARKETING #2
ID4R,9999-12-31 00:00:00,USV3,2019-04-01 00:00:00,2021-09-27 00:00:00,MKITTAKA,,,.,,,,,,,,,,,,,,,,EN,,,,,,,,,USID,,,,,,,,,,,,,,,Advance Textile /NYK,Advance Textile /NYK,ADVANCE TEXTILE /NYK
ID5A,9999-12-31 00:00:00,USV3,2019-04-01 00:00:00,2021-09-27 00:00:00,MKITTAKA,,,.,,,,,,,,,,,,,,,,EN,,,,,,,,,USID,,,,,,,,,,,,,,,JOOR,JOOR /NYK,JOOR
ID5C,9999-12-31 00:00:00,USV3,2019-04-01 00:00:00,2021-09-27 00:00:00,MKITTAKA,,,.,,,,,,,,,,,,,,,,EN,,,,,,,,,USID,,,,,,,,,,,,,,,Industrial Textile,Industrial Textile /NYK,INDUSTRIAL TEXTILE
IDA1,9999-12-31 00:00:00,USV3,2019-04-01 00:00:00,2021-09-27 00:00:00,MKITTAKA,,,.,,,,,,,,,,,,,,,,EN,,,,,,,,,USID,,,,,,,,,,,,,,,Business Dept,Business Dept,BUSINESS DEPT
IDF1,9999-12-31 00:00:00,USV3,2019-04-01 00:00:00,2021-09-27 00:00:00,MKITTAKA,,,.,,,,,,,,,,,,,,,,EN,,,,,,,,,USID,,,,,,,,,,,,,,,Fund Control,Fund Control,FUND CONTROL
IDI1,9999-12-31 00:00:00,USV3,2019-04-01 00:00:00,2021-09-27 00:00:00,MKITTAKA,,,.,,,,,,,,,,,,,,,,EN,,,,,,,,,USID,,,,,,,,,,,,,,,Information Systems,Information Systems / NYK,INFORMATION SYSTEMS
IDL1,9999-12-31 00:00:00,USV3,2019-04-01 00:00:00,2021-09-27 00:00:00,MKITTAKA,,,.,,,,,,,,,,,,,,,,EN,,,,,,,,,USID,,,,,,,,,,,,,,,Lease Entry,Lease Entry,LEASE ENTRY
JAA1,9999-12-31 00:00:00,USV3,2019-04-01 00:00:00,2020-09-11 00:00:00,FHASEGAWA,,,.,,,,,,,,,,,,,,,,EN,,,,,,,,,USJA,,,,,,,,,,,,,,,ITAI,ITAI,ITAI
JB1A,9999-12-31 00:00:00,USK4,2019-04-01 00:00:00,2021-05-25 00:00:00,MKITTAKA,,,.,,,,,,,,,,,,,,,,EN,,,,,,,,,MXJB,,,,,,,,,,,X,,,,Machinery Div /MTMI,Machinery Division /MTMI,MACHINERY DIV /MTMI
JB1B,9999-12-31 00:00:00,USK4,2019-04-01 00:00:00,2021-05-25 00:00:00,MKITTAKA,,,.,,,,,,,,,,,,,,,,EN,,,,,,,,,MXJB,,,,,,,,,,,X,,,,SUS Division /MTMI,SUS Division /MTMI,SUS DIVISION /MTMI
JBA1,9999-12-31 00:00:00,USK4,2019-04-01 00:00:00,2021-05-25 00:00:00,MKITTAKA,,,.,,,,,,,,,,,,,,,,EN,,,,,,,,,MXJB,,,,,,,,,,,X,,,,Administration /MTMI,Administration Division /MTMI,ADMINISTRATION /MTMI
JC1A,9999-12-31 00:00:00,USV3,2019-04-01 00:00:00,2021-05-25 00:00:00,MKITTAKA,,,.,,,,CA,,,,,,Burnaby,,Suite 710 - 4720 Kingsway,,V5H 4N2,,EN,,,,,,,,,CAJC,,,,,,BC,,,,,,,,,MISC - VCR,MISC Vancouver,MISC - VCR
JC2A,9999-12-31 00:00:00,USV3,2019-04-01 00:00:00,2021-05-25 00:00:00,MKITTAKA,,,.,,,,CA,,,,,,Toronto,,Suite 1075 - 3280 Bloor Street West,,M8X 2X3,,EN,,,,,,,,,CAJC,,,,,,ON,,,,,,,,,MISC - TOR,MISC Toronto,MISC - TOR
JCF1,9999-12-31 00:00:00,USV3,2019-04-01 00:00:00,2021-05-25 00:00:00,MKITTAKA,,,.,,,,CA,,,,,,Burnaby,,Suite 710 - 4720 Kingsway,,V5H 4N2,,EN,,,,,,,,,CAJC,,,,,,BC,,,,,,,,,MISC - ADM,MISC Administration,MISC - ADM
JDA1,9999-12-31 00:00:00,USV3,2019-04-01 00:00:00,2022-08-15 00:00:00,MKITTAKA,,,.,,,,,,,,,,,,,,,,EN,,,,,,,,,USJD,,,,,,,,,,,,,,,ADMINISTRATIVE DEPT,ADMINISTRATIVE DEPT,ADMINISTRATIVE DEPT
JDB1,9999-12-31 00:00:00,USV3,2019-04-01 00:00:00,2022-08-15 00:00:00,MKITTAKA,,,Cami Carver,,,,,,,,,"GM, Logistics & EC Operations",,,,,,,EN,,,,,,,,,USJD,,,,,,,,,,,,,,,BUSINESS DEPT,BUSINESS DEPT,BUSINESS DEPT
