Plant,Name 1,Valuation area,Customer Number of Plant,Supplier Number of Plant,Factory Calendar,Name 2,Street and House Number,PO Box,Postal Code,City,Purch. organization,Sales Organization,Batch status mgmt,Conds. at plant level,Source list,Reqmts planning,Country/Region Key,Region,County Code,City Code,Address,Planning Plant,Tax Jurisdiction,Distrib.channel,Int.co billing div.,Language Key,SOP plant,Variance Key,Batch status mgmt,Plant cat.,Sales District,Supply region,Tax Indicator: Plant,Regular Supplier,1st Reminder/Exped.,2nd Reminder/Exped.,3rd Reminder/Exped.,Text 1st dunning,Text 2nd dunning,Text 3rd dunning,PO tolerance,Business Place,Sales area detrm.,Distrib. profile of plant,Archiving marker,Batch rec. DMS type,Node type:supply chain,Naming Structure,Cost Obj.Controlling,Mixed Costing,Actual Costing,Shipping Point/Receiving Pt,Actual Activities Updated,Control of Credit of Cost Centers,AF srce det. via ATP,Batch Management Not Active by Default,Supply Assignment (ARun),Season Active in Inventory Management,Control Data for BOM,Activate Variant Grouping,Assign Batches in ARun,Exchange valuation,Vendor type,Cred IPI?,Store Cat,Superior Dept. Store
0001,Werk 0001,0001,,,01,Walldorf,Berliner Alle 103,,10966,Berlin,0001,0001,,,,X,DE,,,,,,,01,01,DE,,,,,,,,,10,20,30,FT_PREF_DUNN,FT_PREF_DUNN_TWO,FT_PREF_FRAME,180,,,,,,,,false,false,false,0001,,,,,,,,,,,,,,
0002,Production Germany,,,,01,Walldorf,Kraichgaustr. 12,,61111,Walldorf,0002,,,,,,DE,,,,23587,,,,,EN,,,,,,,,,0,0,0,,,,0,,,,,,,,false,false,false,,,,,,,,,,,,,,,
0003,Plant 0003 (is-ht-sw),0003,,,01,,123 main street,,94070,palo alto,,,,,,,US,CA,,,,,,,,EN,,,,,,,,,0,0,0,,,,0,,,,,,,,false,false,false,,,,,,,,,,,,,,,
149A,IAL,149A,,,GB,,,,,,149A,149A,,,,,GB,,,,53445,,,01,01,EN,,,,,,,,,0,0,0,,,,0,,,,,,,,false,false,false,,,,,,,,,,,,,,,
149T,PLB(HC)-CONS,149T,,,GB,,,,,,149T,149T,,,,,GB,,,,53446,,,01,01,EN,,,,,,,,,0,0,0,,,,0,,,,,,,,false,false,false,,,,,,,,,,,,,,,
14AA,PLANT & PROJECT 1,14AA,,,GB,,,,,,14AA,14AA,,,,,GB,,,,53447,,,01,01,EN,,,,,,,,,0,0,0,,,,0,,,,,,,,false,false,false,,,,,,,,,,,,,,,
14AD,GENERAL ADMINISTRATI,14AD,,,GB,,,,,,14AD,14AD,,,,,GB,,,,53448,,,01,01,EN,,,,,,,,,0,0,0,,,,0,,,,,,,,false,false,false,,,,,,,,,,,,,,,
14AM,POWER & UTILITY,14AM,,,GB,,,,,,14AM,14AM,,,,,GB,,,,56820,,,01,01,EN,,,,,,,,,0,0,0,,,,0,,,,,,,,false,false,false,,,,,,,,,,,,,,,
14BB,TYRE & MOBILITY,14BB,,,GB,,,,,,14BB,14BB,,,,,GB,,,,53449,,,01,01,EN,,,,,,,,,0,0,0,,,,0,,,,,,,,false,false,false,,,,,,,,,,,,,,,
14BZ,MARINE,14BZ,,,GB,,,,,,14BZ,14BZ,,,,,GB,,,,53450,,,01,01,EN,,,,,,,,,0,0,0,,,,0,,,,,,,,false,false,false,,,,,,,,,,,,,,,
14CF,CFP,14CF,,,GB,,,,,,14CF,14CF,,,,,GB,,,,54156,,,01,01,EN,,,,,,,,,0,0,0,,,,0,,,,,,,,false,false,false,,,,,,,,,,,,,,,
14CL,CAR LIFE,14CL,,,GB,,,,,,14CL,14CL,,,,,GB,,,,57687,,,01,01,EN,,,,,,,,,0,0,0,,,,0,,,,,,,,false,false,false,,,,,,,,,,,,,,,
14CM,CARMONEY,14CM,,,GB,,,,,,14CM,14CM,,,,,GB,,,,57896,,,01,01,EN,,,,,,,,,0,0,0,,,,0,,,,,,,,false,false,false,,,,,,,,,,,,,,,
14CS,SOLAR POWER ASSETS,14CS,,,GB,,,,,,14CS,14CS,,,,,GB,,,,53451,,,01,01,EN,,,,,,,,,0,0,0,,,,0,,,,,,,,false,false,false,,,,,,,,,,,,,,,
14CT,PLB(HC),14CT,,,GB,,,,,,14CT,14CT,,,,,GB,,,,53452,,,01,01,EN,,,,,,,,,0,0,0,,,,0,,,,,,,,false,false,false,,,,,,,,,,,,,,,
14EG,SUGAR,14EG,,,GB,,,,,,14EG,14EG,,,,,GB,,,,53453,,,01,01,EN,,,,,,,,,0,0,0,,,,0,,,,,,,,false,false,false,,,,,,,,,,,,,,,
14EH,COFFEE,14EH,,,GB,,,,,,14EH,14EH,,,,,GB,,,,53454,,,01,01,EN,,,,,,,,,0,0,0,,,,0,,,,,,,,false,false,false,,,,,,,,,,,,,,,
14EM,MARINE PRODUCTS,14EM,,,GB,,,,,,14EM,14EM,,,,,GB,,,,53455,,,01,01,EN,,,,,,,,,0,0,0,,,,0,,,,,,,,false,false,false,,,,,,,,,,,,,,,
14EW,CONFECTIONARY,14EW,,,GB,,,,,,14EW,14EW,,,,,GB,,,,53456,,,01,01,EN,,,,,,,,,0,0,0,,,,0,,,,,,,,false,false,false,,,,,,,,,,,,,,,
14FA,GRAIN & FEED,14FA,,,GB,,,,,,14FA,14FA,,,,,GB,,,,53457,,,01,01,EN,,,,,,,,,0,0,0,,,,0,,,,,,,,false,false,false,,,,,,,,,,,,,,,
14FI,FINANCIAL BUSINESS,14FI,,,GB,,,,,,14FI,14FI,,,,,GB,,,,53458,,,01,01,EN,,,,,,,,,0,0,0,,,,0,,,,,,,,false,false,false,,,,,,,,,,,,,,,
14FO,COCOA,14FO,,,GB,,,,,,14FO,14FO,,,,,GB,,,,53459,,,01,01,EN,,,,,,,,,0,0,0,,,,0,,,,,,,,false,false,false,,,,,,,,,,,,,,,
14FR,FIRST RESPONSE,14FR,,,GB,,,,,,14FR,14FR,,,,,GB,,,,53460,,,01,01,EN,,,,,,,,,0,0,0,,,,0,,,,,,,,false,false,false,,,,,,,,,,,,,,,
14FS,DAIRY PRODUCTS,14FS,,,GB,,,,,,14FS,14FS,,,,,GB,,,,53461,,,01,01,EN,,,,,,,,,0,0,0,,,,0,,,,,,,,false,false,false,,,,,,,,,,,,,,,
14GA,GENERAL AFFAIRS,14GA,,,GB,,,,,,14GA,14GA,,,,,GB,,,,53462,,,01,01,EN,,,,,,,,,0,0,0,,,,0,,,,,,,,false,false,false,,,,,,,,,,,,,,,
14GD,G.DIRECTOR,14GD,,,GB,,,,,,14GD,14GD,,,,,GB,,,,53463,,,01,01,EN,,,,,,,,,0,0,0,,,,0,,,,,,,,false,false,false,,,,,,,,,,,,,,,
14GF,FUND CONTROL,14GF,,,GB,,,,,,14GF,14GF,,,,,GB,,,,53464,,,01,01,EN,,,,,,,,,0,0,0,,,,0,,,,,,,,false,false,false,,,,,,,,,,,,,,,
14GK,AUDIT,14GK,,,GB,,,,,,14GK,14GK,,,,,GB,,,,53465,,,01,01,EN,,,,,,,,,0,0,0,,,,0,,,,,,,,false,false,false,,,,,,,,,,,,,,,
14GN,ACCOUNTS,14GN,,,GB,,,,,,14GN,14GN,,,,,GB,,,,53466,,,01,01,EN,,,,,,,,,0,0,0,,,,0,,,,,,,,false,false,false,,,,,,,,,,,,,,,
14GT,FINANCE,14GT,,,GB,,,,,,14GT,14GT,,,,,GB,,,,53467,,,01,01,EN,,,,,,,,,0,0,0,,,,0,,,,,,,,false,false,false,,,,,,,,,,,,,,,
14GV,INFORMATION SYSTEM,14GV,,,GB,,,,,,14GV,14GV,,,,,GB,,,,53468,,,01,01,EN,,,,,,,,,0,0,0,,,,0,,,,,,,,false,false,false,,,,,,,,,,,,,,,
14HF,FOOD DISTRIBUTION,14HF,,,GB,,,,,,14HF,14HF,,,,,GB,,,,53469,,,01,01,EN,,,,,,,,,0,0,0,,,,0,,,,,,,,false,false,false,,,,,,,,,,,,,,,
14HP,PLASTICS,14HP,,,GB,,,,,,14HP,14HP,,,,,GB,,,,53470,,,01,01,EN,,,,,,,,,0,0,0,,,,0,,,,,,,,false,false,false,,,,,,,,,,,,,,,
14HQ,AGRI PRODUCTS,14HQ,,,GB,,,,,,14HQ,14HQ,,,,,GB,,,,53471,,,01,01,EN,,,,,,,,,0,0,0,,,,0,,,,,,,,false,false,false,,,,,,,,,,,,,,,
14HR,HR,14HR,,,GB,,,,,,14HR,14HR,,,,,GB,,,,53472,,,01,01,EN,,,,,,,,,0,0,0,,,,0,,,,,,,,false,false,false,,,,,,,,,,,,,,,
14HY,ENERGY-OLD,14HY,,,GB,,,,,,14HY,14HY,,,,,GB,,,,53473,,,01,01,EN,,,,,,,,,0,0,0,,,,0,,,,,,,,false,false,false,,,,,,,,,,,,,,,
14IF,ITOCHU FIBRE LIMITED,14IF,,,GB,,,,,,14IF,14IF,,,,,GB,,,,53474,,,01,01,EN,,,,,,,,,0,0,0,,,,0,,,,,,,,false,false,false,,,,,,,,,,,,,,,
14JI,Javelin Investment,14JI,,,GB,,,,,,14JI,14JI,,,,,GB,,,,53475,,,01,01,EN,,,,,,,,,0,0,0,,,,0,,,,,,,,false,false,false,,,,,,,,,,,,,,,
14KA,AEROSPACE&DEFENSE,14KA,,,GB,,,,,,14KA,14KA,,,,,GB,,,,53476,,,01,01,EN,,,,,,,,,0,0,0,,,,0,,,,,,,,false,false,false,,,,,,,,,,,,,,,
14KD,KILLICK AEROSPACE,14KD,,,GB,,,,,,14KD,14KD,,,,,GB,,,,55439,,,01,01,EN,,,,,,,,,0,0,0,,,,0,,,,,,,,false,false,false,,,,,,,,,,,,,,,
14KK,IronOre&StealResouce,14KK,,,GB,,,,,,14KK,14KK,,,,,GB,,,,53477,,,01,01,EN,,,,,,,,,0,0,0,,,,0,,,,,,,,false,false,false,,,,,,,,,,,,,,,
14KR,PLATINUMGROUP METALS,14KR,,,GB,,,,,,14KR,14KR,,,,,GB,,,,53478,,,01,01,EN,,,,,,,,,0,0,0,,,,0,,,,,,,,false,false,false,,,,,,,,,,,,,,,
14KV,ICT,14KV,,,GB,,,,,,14KV,14KV,,,,,GB,,,,53479,,,01,01,EN,,,,,,,,,0,0,0,,,,0,,,,,,,,false,false,false,,,,,,,,,,,,,,,
14LD,CERAMIC MATERIAL,14LD,,,GB,,,,,,14LD,14LD,,,,,GB,,,,53480,,,01,01,EN,,,,,,,,,0,0,0,,,,0,,,,,,,,false,false,false,,,,,,,,,,,,,,,
14LK,INDUSTRIAL TEXTILE (TEAM),14LK,,,GB,,,,,,14LK,14LK,,,,,GB,,,,53481,,,01,01,EN,,,,,,,,,0,0,0,,,,0,,,,,,,,false,false,false,,,,,,,,,,,,,,,
14LW,CARBON NEUTRAL,14LW,,,GB,,,,,,14LW,14LW,,,,,GB,,,,53482,,,01,01,EN,,,,,,,,,0,0,0,,,,0,,,,,,,,false,false,false,,,,,,,,,,,,,,,
14LZ,BRAMHOPE,14LZ,,,GB,,,,,,14LZ,14LZ,,,,,GB,,,,53483,,,01,01,EN,,,,,,,,,0,0,0,,,,0,,,,,,,,false,false,false,,,,,,,,,,,,,,,
14MD,POWER PROJECT,14MD,,,GB,,,,,,14MD,14MD,,,,,GB,,,,53484,,,01,01,EN,,,,,,,,,0,0,0,,,,0,,,,,,,,false,false,false,,,,,,,,,,,,,,,
14ME,SUGAR MIDDLE OFFICE,14ME,,,GB,,,,,,14ME,14ME,,,,,GB,,,,53485,,,01,01,EN,,,,,,,,,0,0,0,,,,0,,,,,,,,false,false,false,,,,,,,,,,,,,,,
14MO,COCOA MIDDLE OFFICE,14MO,,,GB,,,,,,14MO,14MO,,,,,GB,,,,53486,,,01,01,EN,,,,,,,,,0,0,0,,,,0,,,,,,,,false,false,false,,,,,,,,,,,,,,,
14MP,MCL PENSION,14MP,,,GB,,,,,,14MP,14MP,,,,,GB,,,,53487,,,01,01,EN,,,,,,,,,0,0,0,,,,0,,,,,,,,false,false,false,,,,,,,,,,,,,,,
14MT,FIBER INTERMEDIATES NO.2,14MT,,,GB,,,,,,14MT,14MT,,,,,GB,,,,57770,,,01,01,EN,,,,,,,,,0,0,0,,,,0,,,,,,,,false,false,false,,,,,,,,,,,,,,,
14NR,NON-FERROUS,14NR,,,GB,,,,,,14NR,14NR,,,,,GB,,,,53488,,,01,01,EN,,,,,,,,,0,0,0,,,,0,,,,,,,,false,false,false,,,,,,,,,,,,,,,
14OM,Office Management,14OM,,,GB,,,,,,14OM,14OM,,,,,GB,,,,57223,,,01,01,EN,,,,,,,,,0,0,0,,,,0,,,,,,,,false,false,false,,,,,,,,,,,,,,,
14PA,PROMINENT EUROPE 1,14PA,,,GB,,,,,,14PA,14PA,,,,,GB,,,,53489,,,01,01,EN,,,,,,,,,0,0,0,,,,0,,,,,,,,false,false,false,,,,,,,,,,,,,,,
14PB,PLB,14PB,,,GB,,,,,,14PB,14PB,,,,,GB,,,,53490,,,01,01,EN,,,,,,,,,0,0,0,,,,0,,,,,,,,false,false,false,,,,,,,,,,,,,,,
14PC,PCC A/C CONTROL,14PC,,,GB,,,,,,14PC,14PC,,,,,GB,,,,53491,,,01,01,EN,,,,,,,,,0,0,0,,,,0,,,,,,,,false,false,false,,,,,,,,,,,,,,,
14PJ,HR FOR EUROPE & CIS,14PJ,,,GB,,,,,,14PJ,14PJ,,,,,GB,,,,53492,,,01,01,EN,,,,,,,,,0,0,0,,,,0,,,,,,,,false,false,false,,,,,,,,,,,,,,,
14PN,D.B PENSION,14PN,,,GB,,,,,,14PN,14PN,,,,,GB,,,,53493,,,01,01,EN,,,,,,,,,0,0,0,,,,0,,,,,,,,false,false,false,,,,,,,,,,,,,,,
14RD,Business Development&Research,14RD,,,GB,,,,,,14RD,14RD,,,,,GB,,,,53494,,,01,01,EN,,,,,,,,,0,0,0,,,,0,,,,,,,,false,false,false,,,,,,,,,,,,,,,
14RE,CAPITAL & RETAINED E,14RE,,,GB,,,,,,14RE,14RE,,,,,GB,,,,53495,,,01,01,EN,,,,,,,,,0,0,0,,,,0,,,,,,,,false,false,false,,,,,,,,,,,,,,,
14RM,APPAREL3,14RM,,,GB,,,,,,14RM,14RM,,,,,GB,,,,53141,,,01,01,EN,,,,,,,,,0,0,0,,,,0,,,,,,,,false,false,false,,,,,,,,,,,,,,,
14RS,COKING COAL,14RS,,,GB,,,,,,14RS,14RS,,,,,GB,,,,57897,,,01,01,EN,,,,,,,,,0,0,0,,,,0,,,,,,,,false,false,false,,,,,,,,,,,,,,,
14RT,APPAREL,14RT,,,GB,,,,,,14RT,14RT,,,,,GB,,,,53496,,,01,01,EN,,,,,,,,,0,0,0,,,,0,,,,,,,,false,false,false,,,,,,,,,,,,,,,
14SJ,NUCLEAR FUEL & COAL,14SJ,,,GB,,,,,,14SJ,14SJ,,,,,GB,,,,53497,,,01,01,EN,,,,,,,,,0,0,0,,,,0,,,,,,,,false,false,false,,,,,,,,,,,,,,,
14SM,PAUL SMITH,14SM,,,GB,,,,,,14SM,14SM,,,,,GB,,,,53498,,,01,01,EN,,,,,,,,,0,0,0,,,,0,,,,,,,,false,false,false,,,,,,,,,,,,,,,
14SN,BRAND MARKETING 1,14SN,,,GB,,,,,,14SN,14SN,,,,,GB,,,,53499,,,01,01,EN,,,,,,,,,0,0,0,,,,0,,,,,,,,false,false,false,,,,,,,,,,,,,,,
14SO,BRAND MARKETING 2,14SO,,,GB,,,,,,14SO,14SO,,,,,GB,,,,53500,,,01,01,EN,,,,,,,,,0,0,0,,,,0,,,,,,,,false,false,false,,,,,,,,,,,,,,,
14SR,BRAND MARKETING 3,14SR,,,GB,,,,,,14SR,14SR,,,,,GB,,,,53501,,,01,01,EN,,,,,,,,,0,0,0,,,,0,,,,,,,,false,false,false,,,,,,,,,,,,,,,
14ST,ETEL,14ST,,,GB,,,,,,14ST,14ST,,,,,GB,,,,53502,,,01,01,EN,,,,,,,,,0,0,0,,,,0,,,,,,,,false,false,false,,,,,,,,,,,,,,,
14TL,GENERAL A/C CONTROL,14TL,,,GB,,,,,,14TL,14TL,,,,,GB,,,,53503,,,01,01,EN,,,,,,,,,0,0,0,,,,0,,,,,,,,false,false,false,,,,,,,,,,,,,,,
14UA,MEAT PRODUCTS,14UA,,,GB,,,,,,14UA,14UA,,,,,GB,,,,53504,,,01,01,EN,,,,,,,,,0,0,0,,,,0,,,,,,,,false,false,false,,,,,,,,,,,,,,,
14UF,MEAT PROCESSED FOOD,14UF,,,GB,,,,,,14UF,14UF,,,,,GB,,,,55174,,,01,01,EN,,,,,,,,,0,0,0,,,,0,,,,,,,,false,false,false,,,,,,,,,,,,,,,
14UY,LEGAL,14UY,,,GB,,,,,,14UY,14UY,,,,,GB,,,,53505,,,01,01,EN,,,,,,,,,0,0,0,,,,0,,,,,,,,false,false,false,,,,,,,,,,,,,,,
14UZ,AA & RM,14UZ,,,GB,,,,,,14UZ,14UZ,,,,,GB,,,,53506,,,01,01,EN,,,,,,,,,0,0,0,,,,0,,,,,,,,false,false,false,,,,,,,,,,,,,,,
14VI,RAWMATERIAL&WORKWEAR,14VI,,,GB,,,,,,14VI,14VI,,,,,GB,,,,55175,,,01,01,EN,,,,,,,,,0,0,0,,,,0,,,,,,,,false,false,false,,,,,,,,,,,,,,,
14VK,AUTOMOBILE,14VK,,,GB,,,,,,14VK,14VK,,,,,GB,,,,53507,,,01,01,EN,,,,,,,,,0,0,0,,,,0,,,,,,,,false,false,false,,,,,,,,,,,,,,,
14WA,PLANT PROJECT & INFRASTRUCTURE,14WA,,,GB,,,,,,14WA,14WA,,,,,GB,,,,53508,,,01,01,EN,,,,,,,,,0,0,0,,,,0,,,,,,,,false,false,false,,,,,,,,,,,,,,,
14WE,WINCH ENERGY,14WE,,,GB,,,,,,14WE,14WE,,,,,GB,,,,53509,,,01,01,EN,,,,,,,,,0,0,0,,,,0,,,,,,,,false,false,false,,,,,,,,,,,,,,,
14X1,FUND CONTROL-CONS,14X1,,,GB,,,,,,14X1,14X1,,,,,GB,,,,53510,,,01,01,EN,,,,,,,,,0,0,0,,,,0,,,,,,,,false,false,false,,,,,,,,,,,,,,,
14X2,GENERAL ADMINIS-CONS,14X2,,,GB,,,,,,14X2,14X2,,,,,GB,,,,53511,,,01,01,EN,,,,,,,,,0,0,0,,,,0,,,,,,,,false,false,false,,,,,,,,,,,,,,,
14X3,GENERAL A/C CON-CONS,14X3,,,GB,,,,,,14X3,14X3,,,,,GB,,,,53512,,,01,01,EN,,,,,,,,,0,0,0,,,,0,,,,,,,,false,false,false,,,,,,,,,,,,,,,
14X4,CAPITAL & RETAI-CONS,14X4,,,GB,,,,,,14X4,14X4,,,,,GB,,,,53513,,,01,01,EN,,,,,,,,,0,0,0,,,,0,,,,,,,,false,false,false,,,,,,,,,,,,,,,
14XA,PROMINENT EUROP-CONS,14XA,,,GB,,,,,,14XA,14XA,,,,,GB,,,,53514,,,01,01,EN,,,,,,,,,0,0,0,,,,0,,,,,,,,false,false,false,,,,,,,,,,,,,,,
14XB,AUTOMOBILE-CONS,14XB,,,GB,,,,,,14XB,14XB,,,,,GB,,,,53515,,,01,01,EN,,,,,,,,,0,0,0,,,,0,,,,,,,,false,false,false,,,,,,,,,,,,,,,
14XC,PLB-CONS,14XC,,,GB,,,,,,14XC,14XC,,,,,GB,,,,53516,,,01,01,EN,,,,,,,,,0,0,0,,,,0,,,,,,,,false,false,false,,,,,,,,,,,,,,,
14XF,ETEL-CONS,14XF,,,GB,,,,,,14XF,14XF,,,,,GB,,,,53517,,,01,01,EN,,,,,,,,,0,0,0,,,,0,,,,,,,,false,false,false,,,,,,,,,,,,,,,
14XI,FIRST RESPONSE-CONS,14XI,,,GB,,,,,,14XI,14XI,,,,,GB,,,,53518,,,01,01,EN,,,,,,,,,0,0,0,,,,0,,,,,,,,false,false,false,,,,,,,,,,,,,,,
14XK,KILLICK AEROSPA-CONS,14XK,,,GB,,,,,,14XK,14XK,,,,,GB,,,,55440,,,01,01,EN,,,,,,,,,0,0,0,,,,0,,,,,,,,false,false,false,,,,,,,,,,,,,,,
14XM,CARMONEY-CONS,14XM,,,GB,,,,,,14XM,14XM,,,,,GB,,,,57898,,,01,01,EN,,,,,,,,,0,0,0,,,,0,,,,,,,,false,false,false,,,,,,,,,,,,,,,
14XT,PAUL SMITH-CONS,14XT,,,GB,,,,,,14XT,14XT,,,,,GB,,,,53519,,,01,01,EN,,,,,,,,,0,0,0,,,,0,,,,,,,,false,false,false,,,,,,,,,,,,,,,
14XU,SOLAR POWER ASS-CONS,14XU,,,GB,,,,,,14XU,14XU,,,,,GB,,,,53520,,,01,01,EN,,,,,,,,,0,0,0,,,,0,,,,,,,,false,false,false,,,,,,,,,,,,,,,
14XV,WATER & ENVIRONMENT,14XV,,,GB,,,,,,14XV,14XV,,,,,GB,,,,53521,,,01,01,EN,,,,,,,,,0,0,0,,,,0,,,,,,,,false,false,false,,,,,,,,,,,,,,,
14XX,ITOCHU FIBRE LI-CONS,14XX,,,GB,,,,,,14XX,14XX,,,,,GB,,,,53522,,,01,01,EN,,,,,,,,,0,0,0,,,,0,,,,,,,,false,false,false,,,,,,,,,,,,,,,
14XZ,DTM,14XZ,,,GB,,,,,,14XZ,14XZ,,,,,GB,,,,53523,,,01,01,EN,,,,,,,,,0,0,0,,,,0,,,,,,,,false,false,false,,,,,,,,,,,,,,,
14YC,AFFLIATES CONTROL,14YC,,,GB,,,,,,14YC,14YC,,,,,GB,,,,53524,,,01,01,EN,,,,,,,,,0,0,0,,,,0,,,,,,,,false,false,false,,,,,,,,,,,,,,,
14YU,Energy,14YU,,,GB,,,,,,14YU,14YU,,,,,GB,,,,57224,,,01,01,EN,,,,,,,,,0,0,0,,,,0,,,,,,,,false,false,false,,,,,,,,,,,,,,,
14YY,OILS & FATS,14YY,,,GB,,,,,,14YY,14YY,,,,,GB,,,,53525,,,01,01,EN,,,,,,,,,0,0,0,,,,0,,,,,,,,false,false,false,,,,,,,,,,,,,,,
14ZA,CHIEF EXECTIVE FOR E,14ZA,,,GB,,,,,,14ZA,14ZA,,,,,GB,,,,53526,,,01,01,EN,,,,,,,,,0,0,0,,,,0,,,,,,,,false,false,false,,,,,,,,,,,,,,,
14ZZ,CORPORATE PLANNING,14ZZ,,,GB,,,,,,14ZZ,14ZZ,,,,,GB,,,,53527,,,01,01,EN,,,,,,,,,0,0,0,,,,0,,,,,,,,false,false,false,,,,,,,,,,,,,,,
16BK,OEM,16BK,,,FR,,,,,,16BK,16BK,,,,,FR,75,,,53393,,,01,01,EN,,,,,,,,,0,0,0,,,,0,,,,,,,,false,false,false,,,,,,,,,,,,,,,
16EP,OIL PRODUCTS,16EP,,,FR,,,,,,16EP,16EP,,,,,FR,75,,,53394,,,01,01,EN,,,,,,,,,0,0,0,,,,0,,,,,,,,false,false,false,,,,,,,,,,,,,,,
16F2,FIBER INTERMEDIATES,16F2,,,FR,,,,,,16F2,16F2,,,,,FR,75,,,53395,,,01,01,EN,,,,,,,,,0,0,0,,,,0,,,,,,,,false,false,false,,,,,,,,,,,,,,,
16F3,FIBER INTERMEDIATES NO.2,16F3,,,FR,,,,,,16F3,16F3,,,,,FR,75,,,53396,,,01,01,EN,,,,,,,,,0,0,0,,,,0,,,,,,,,false,false,false,,,,,,,,,,,,,,,
16FA,GRAIN & FEED,16FA,,,FR,,,,,,16FA,16FA,,,,,FR,75,,,53397,,,01,01,EN,,,,,,,,,0,0,0,,,,0,,,,,,,,false,false,false,,,,,,,,,,,,,,,
16GA,FIXED ASSETS CONTROL,16GA,,,FR,,,,,,16GA,16GA,,,,,FR,75,,,53398,,,01,01,EN,,,,,,,,,0,0,0,,,,0,,,,,,,,false,false,false,,,,,,,,,,,,,,,
16GF,FUND CONTROL A/C,16GF,,,FR,,,,,,16GF,16GF,,,,,FR,75,,,53399,,,01,01,EN,,,,,,,,,0,0,0,,,,0,,,,,,,,false,false,false,,,,,,,,,,,,,,,
16H1,PLASTICS NO.1,16H1,,,FR,,,,,,16H1,16H1,,,,,FR,75,,,53400,,,01,01,EN,,,,,,,,,0,0,0,,,,0,,,,,,,,false,false,false,,,,,,,,,,,,,,,
16H2,PLASTICS NO.2,16H2,,,FR,,,,,,16H2,16H2,,,,,FR,75,,,53401,,,01,01,EN,,,,,,,,,0,0,0,,,,0,,,,,,,,false,false,false,,,,,,,,,,,,,,,
16HC,ORGANIC CHEMICALS,16HC,,,FR,,,,,,16HC,16HC,,,,,FR,75,,,53402,,,01,01,EN,,,,,,,,,0,0,0,,,,0,,,,,,,,false,false,false,,,,,,,,,,,,,,,
16NK,NON-FERROUS PRODUCTS,16NK,,,FR,,,,,,16NK,16NK,,,,,FR,75,,,53403,,,01,01,EN,,,,,,,,,0,0,0,,,,0,,,,,,,,false,false,false,,,,,,,,,,,,,,,
16NZ,TELECOM PRODUCTS,16NZ,,,FR,,,,,,16NZ,16NZ,,,,,FR,75,,,53404,,,01,01,EN,,,,,,,,,0,0,0,,,,0,,,,,,,,false,false,false,,,,,,,,,,,,,,,
16OH,OVERHEAD ALLOCATION,16OH,,,FR,,,,,,16OH,16OH,,,,,FR,75,,,53405,,,01,01,EN,,,,,,,,,0,0,0,,,,0,,,,,,,,false,false,false,,,,,,,,,,,,,,,
16PC,PARENT COMPANY CURRE,16PC,,,FR,,,,,,16PC,16PC,,,,,FR,75,,,53406,,,01,01,EN,,,,,,,,,0,0,0,,,,0,,,,,,,,false,false,false,,,,,,,,,,,,,,,
16RE,CAPITAL & RETAINED E,16RE,,,FR,,,,,,16RE,16RE,,,,,FR,75,,,53407,,,01,01,EN,,,,,,,,,0,0,0,,,,0,,,,,,,,false,false,false,,,,,,,,,,,,,,,
16SN,BRAND MARKETING 1,16SN,,,FR,,,,,,16SN,16SN,,,,,FR,75,,,53408,,,01,01,EN,,,,,,,,,0,0,0,,,,0,,,,,,,,false,false,false,,,,,,,,,,,,,,,
16SO,BRAND MARKETING 2,16SO,,,FR,,,,,,16SO,16SO,,,,,FR,75,,,53409,,,01,01,EN,,,,,,,,,0,0,0,,,,0,,,,,,,,false,false,false,,,,,,,,,,,,,,,
16SR,BRAND MARKETING 3,16SR,,,FR,,,,,,16SR,16SR,,,,,FR,75,,,53410,,,01,01,EN,,,,,,,,,0,0,0,,,,0,,,,,,,,false,false,false,,,,,,,,,,,,,,,
16SV,APPAREL,16SV,,,FR,,,,,,16SV,16SV,,,,,FR,75,,,53142,,,01,01,EN,,,,,,,,,0,0,0,,,,0,,,,,,,,false,false,false,,,,,,,,,,,,,,,
16TL,GENERAL A/C CONTROL,16TL,,,FR,,,,,,16TL,16TL,,,,,FR,75,,,53411,,,01,01,EN,,,,,,,,,0,0,0,,,,0,,,,,,,,false,false,false,,,,,,,,,,,,,,,
16VK,ISUZU &YANMAR,16VK,,,FR,,,,,,16VK,16VK,,,,,FR,75,,,53412,,,01,01,EN,,,,,,,,,0,0,0,,,,0,,,,,,,,false,false,false,,,,,,,,,,,,,,,
16X1,FUND CONTROL A/-CONS,16X1,,,FR,,,,,,16X1,16X1,,,,,FR,75,,,53413,,,01,01,EN,,,,,,,,,0,0,0,,,,0,,,,,,,,false,false,false,,,,,,,,,,,,,,,
16X2,GENERAL A/C CON-CONS,16X2,,,FR,,,,,,16X2,16X2,,,,,FR,75,,,53414,,,01,01,EN,,,,,,,,,0,0,0,,,,0,,,,,,,,false,false,false,,,,,,,,,,,,,,,
16XP,PH,16XP,,,FR,,,,,,16XP,16XP,,,,,FR,75,,,53415,,,01,01,EN,,,,,,,,,0,0,0,,,,0,,,,,,,,false,false,false,,,,,,,,,,,,,,,
16ZA,DIRECTORS,16ZA,,,FR,,,,,,16ZA,16ZA,,,,,FR,75,,,53416,,,01,01,EN,,,,,,,,,0,0,0,,,,0,,,,,,,,false,false,false,,,,,,,,,,,,,,,
16ZH,"PLANT, MARINE & AERO",16ZH,,,FR,,,,,,16ZH,16ZH,,,,,FR,75,,,53417,,,01,01,EN,,,,,,,,,0,0,0,,,,0,,,,,,,,false,false,false,,,,,,,,,,,,,,,
16ZZ,ZZ ACCOUNT,16ZZ,,,FR,,,,,,16ZZ,16ZZ,,,,,FR,75,,,53418,,,01,01,EN,,,,,,,,,0,0,0,,,,0,,,,,,,,false,false,false,,,,,,,,,,,,,,,
20B1,DistributionBusiness,20B1,,,01,,,,,,20B1,20B1,,,,,DE,05,,,53143,,,01,01,EN,,,,,,,,,0,0,0,,,,0,,,,,,,,false,false,false,,,,,,,,,,,,,,,
20B3,Construction Machine,20B3,,,01,,,,,,20B3,20B3,,,,,DE,05,,,54983,,,01,01,EN,,,,,,,,,0,0,0,,,,0,,,,,,,,false,false,false,,,,,,,,,,,,,,,
20B5,MT Machine Tools SF,20B5,,,01,,,,,,20B5,20B5,,,,,DE,05,,,53230,,,01,01,EN,,,,,,,,,0,0,0,,,,0,,,,,,,,false,false,false,,,,,,,,,,,,,,,
20B7,MT Food Machinery SF,20B7,,,01,,,,,,20B7,20B7,,,,,DE,05,,,53231,,,01,01,EN,,,,,,,,,0,0,0,,,,0,,,,,,,,false,false,false,,,,,,,,,,,,,,,
20B9,MT Export Import,20B9,,,01,,,,,,20B9,20B9,,,,,DE,05,,,53232,,,01,01,EN,,,,,,,,,0,0,0,,,,0,,,,,,,,false,false,false,,,,,,,,,,,,,,,
20C1,COATINGS,20C1,,,01,,,,,,20C1,20C1,,,,,DE,05,,,53233,,,01,01,EN,,,,,,,,,0,0,0,,,,0,,,,,,,,false,false,false,,,,,,,,,,,,,,,
20C2,FUNCTIONAL CHEMICALS,20C2,,,01,,,,,,20C2,20C2,,,,,DE,05,,,53234,,,01,01,EN,,,,,,,,,0,0,0,,,,0,,,,,,,,false,false,false,,,,,,,,,,,,,,,
20C3,INCHEM,20C3,,,01,,,,,,20C3,20C3,,,,,DE,05,,,53235,,,01,01,EN,,,,,,,,,0,0,0,,,,0,,,,,,,,false,false,false,,,,,,,,,,,,,,,
20F2,FIBER INTERMEDIATES,20F2,,,01,,,,,,20F2,20F2,,,,,DE,05,,,53236,,,01,01,EN,,,,,,,,,0,0,0,,,,0,,,,,,,,false,false,false,,,,,,,,,,,,,,,
20F3,FIBER INTERMEDIATES NO.2,20F3,,,01,,,,,,20F3,20F3,,,,,DE,05,,,53237,,,01,01,EN,,,,,,,,,0,0,0,,,,0,,,,,,,,false,false,false,,,,,,,,,,,,,,,
20FD,FUND CONTROL,20FD,,,01,,,,,,20FD,20FD,,,,,DE,05,,,53238,,,01,01,EN,,,,,,,,,0,0,0,,,,0,,,,,,,,false,false,false,,,,,,,,,,,,,,,
20GD,ADMINISTRATION (OVER,20GD,,,01,,,,,,20GD,20GD,,,,,DE,05,,,53239,,,01,01,EN,,,,,,,,,0,0,0,,,,0,,,,,,,,false,false,false,,,,,,,,,,,,,,,
20GH,ADMINISTRATION (GENE,20GH,,,01,,,,,,20GH,20GH,,,,,DE,02,,,53240,,,01,01,EN,,,,,,,,,0,0,0,,,,0,,,,,,,,false,false,false,,,,,,,,,,,,,,,
20H1,PLASTICS NO.1,20H1,,,01,,,,,,20H1,20H1,,,,,DE,05,,,53241,,,01,01,EN,,,,,,,,,0,0,0,,,,0,,,,,,,,false,false,false,,,,,,,,,,,,,,,
20H2,PLASTICS NO.2,20H2,,,01,,,,,,20H2,20H2,,,,,DE,05,,,53242,,,01,01,EN,,,,,,,,,0,0,0,,,,0,,,,,,,,false,false,false,,,,,,,,,,,,,,,
20H3,PLASTICS NO2 HUNGARY,20H3,,,01,,,,,,20H3,20H3,,,,,DE,05,,,53243,,,01,01,EN,,,,,,,,,0,0,0,,,,0,,,,,,,,false,false,false,,,,,,,,,,,,,,,
20HG,Power&Environmental Solution,20HG,,,01,,,,,,20HG,20HG,,,,,DE,05,,,53244,,,01,01,EN,,,,,,,,,0,0,0,,,,0,,,,,,,,false,false,false,,,,,,,,,,,,,,,
20LK,INDUSTRIAL TEXTILE (TEAM),20LK,,,01,,,,,,20LK,20LK,,,,,DE,02,,,53245,,,01,01,EN,,,,,,,,,0,0,0,,,,0,,,,,,,,false,false,false,,,,,,,,,,,,,,,
20NC,NCT,20NC,,,01,,,,,,20NC,20NC,,,,,DE,05,,,53246,,,01,01,EN,,,,,,,,,0,0,0,,,,0,,,,,,,,false,false,false,,,,,,,,,,,,,,,
20PD,ADMINISTRATION (CAPI,20PD,,,01,,,,,,20PD,20PD,,,,,DE,05,,,53247,,,01,01,EN,,,,,,,,,0,0,0,,,,0,,,,,,,,false,false,false,,,,,,,,,,,,,,,
20RM,RAW MATERIAL & TEXTILE,20RM,,,01,,,,,,20RM,20RM,,,,,DE,02,,,53248,,,01,01,EN,,,,,,,,,0,0,0,,,,0,,,,,,,,false,false,false,,,,,,,,,,,,,,,
20VK,Automobile,20VK,,,01,,,,,,20VK,20VK,,,,,DE,05,,,53249,,,01,01,EN,,,,,,,,,0,0,0,,,,0,,,,,,,,false,false,false,,,,,,,,,,,,,,,
20X1,ADMINISTRATION -CONS,20X1,,,01,,,,,,20X1,20X1,,,,,DE,05,,,53250,,,01,01,EN,,,,,,,,,0,0,0,,,,0,,,,,,,,false,false,false,,,,,,,,,,,,,,,
20XD,NCT-CONS,20XD,,,01,,,,,,20XD,20XD,,,,,DE,05,,,53251,,,01,01,EN,,,,,,,,,0,0,0,,,,0,,,,,,,,false,false,false,,,,,,,,,,,,,,,
24AD,ADMINISTRATION (GENE,24AD,,,IT,,,,,,24AD,24AD,,,,,IT,MI,,,53276,,,01,01,EN,,,,,,,,,0,0,0,,,,0,,,,,,,,false,false,false,,,,,,,,,,,,,,,
24EE,AGRI PRODUCTS,24EE,,,IT,,,,,,24EE,24EE,,,,,IT,,,,53277,,,01,01,EN,,,,,,,,,0,0,0,,,,0,,,,,,,,false,false,false,,,,,,,,,,,,,,,
24EM,MARINE PRODUCTS,24EM,,,IT,,,,,,24EM,24EM,,,,,IT,MI,,,53278,,,01,01,EN,,,,,,,,,0,0,0,,,,0,,,,,,,,false,false,false,,,,,,,,,,,,,,,
24EQ,FOOD PRODUCTS,24EQ,,,IT,,,,,,24EQ,24EQ,,,,,IT,MI,,,53279,,,01,01,EN,,,,,,,,,0,0,0,,,,0,,,,,,,,false,false,false,,,,,,,,,,,,,,,
24FA,GRAIN & FEED,24FA,,,IT,,,,,,24FA,24FA,,,,,IT,MI,,,53280,,,01,01,EN,,,,,,,,,0,0,0,,,,0,,,,,,,,false,false,false,,,,,,,,,,,,,,,
24GA,ADMINISTRATION (OFFI,24GA,,,IT,,,,,,24GA,24GA,,,,,IT,MI,,,53281,,,01,01,EN,,,,,,,,,0,0,0,,,,0,,,,,,,,false,false,false,,,,,,,,,,,,,,,
24GF,FUND CONTROL A/C,24GF,,,IT,,,,,,24GF,24GF,,,,,IT,MI,,,53282,,,01,01,EN,,,,,,,,,0,0,0,,,,0,,,,,,,,false,false,false,,,,,,,,,,,,,,,
24HO,ADMINISTRATION (HEAD,24HO,,,IT,,,,,,24HO,24HO,,,,,IT,MI,,,53283,,,01,01,EN,,,,,,,,,0,0,0,,,,0,,,,,,,,false,false,false,,,,,,,,,,,,,,,
24HP,PLASTICS,24HP,,,IT,,,,,,24HP,24HP,,,,,IT,MI,,,53284,,,01,01,EN,,,,,,,,,0,0,0,,,,0,,,,,,,,false,false,false,,,,,,,,,,,,,,,
24LK,INDUSTRIAL TEXTILE (TEAM),24LK,,,IT,,,,,,24LK,24LK,,,,,IT,MI,,,53285,,,01,01,EN,,,,,,,,,0,0,0,,,,0,,,,,,,,false,false,false,,,,,,,,,,,,,,,
24MI,MILK PRODUCTS,24MI,,,IT,,,,,,24MI,24MI,,,,,IT,MI,,,53286,,,01,01,EN,,,,,,,,,0,0,0,,,,0,,,,,,,,false,false,false,,,,,,,,,,,,,,,
24MR,Mila Schon retail bss,24MR,,,IT,,,,,,24MR,24MR,,,,,IT,MI,,,53287,,,01,01,EN,,,,,,,,,0,0,0,,,,0,,,,,,,,false,false,false,,,,,,,,,,,,,,,
24MS,Mila Schon,24MS,,,IT,,,,,,24MS,24MS,,,,,IT,MI,,,53288,,,01,01,EN,,,,,,,,,0,0,0,,,,0,,,,,,,,false,false,false,,,,,,,,,,,,,,,
24OB,Orobianco,24OB,,,IT,,,,,,24OB,24OB,,,,,IT,MI,,,53289,,,01,01,EN,,,,,,,,,0,0,0,,,,0,,,,,,,,false,false,false,,,,,,,,,,,,,,,
24OH,OVER HEAD FOR MR. MA,24OH,,,IT,,,,,,24OH,24OH,,,,,IT,MI,,,53290,,,01,01,EN,,,,,,,,,0,0,0,,,,0,,,,,,,,false,false,false,,,,,,,,,,,,,,,
24RE,LAST YEAR P/L EARNED,24RE,,,IT,,,,,,24RE,24RE,,,,,IT,MI,,,53291,,,01,01,EN,,,,,,,,,0,0,0,,,,0,,,,,,,,false,false,false,,,,,,,,,,,,,,,
24SN,BRAND MARKETING 1,24SN,,,IT,,,,,,24SN,24SN,,,,,IT,MI,,,53292,,,01,01,EN,,,,,,,,,0,0,0,,,,0,,,,,,,,false,false,false,,,,,,,,,,,,,,,
24SO,BRAND MARKETING 2,24SO,,,IT,,,,,,24SO,24SO,,,,,IT,MI,,,53293,,,01,01,EN,,,,,,,,,0,0,0,,,,0,,,,,,,,false,false,false,,,,,,,,,,,,,,,
24SP,FILAMENT YARN,24SP,,,IT,,,,,,24SP,24SP,,,,,IT,MI,,,53144,,,01,01,EN,,,,,,,,,0,0,0,,,,0,,,,,,,,false,false,false,,,,,,,,,,,,,,,
24SR,BRAND MARKETING 3,24SR,,,IT,,,,,,24SR,24SR,,,,,IT,MI,,,53294,,,01,01,EN,,,,,,,,,0,0,0,,,,0,,,,,,,,false,false,false,,,,,,,,,,,,,,,
24TL,GENERAL A/C CONTROL,24TL,,,IT,,,,,,24TL,24TL,,,,,IT,MI,,,53295,,,01,01,EN,,,,,,,,,0,0,0,,,,0,,,,,,,,false,false,false,,,,,,,,,,,,,,,
24UM,FEED ADDITIVE,24UM,,,IT,,,,,,24UM,24UM,,,,,IT,MI,,,53296,,,01,01,EN,,,,,,,,,0,0,0,,,,0,,,,,,,,false,false,false,,,,,,,,,,,,,,,
24YY,OILS & FATS,24YY,,,IT,,,,,,24YY,24YY,,,,,IT,MI,,,53297,,,01,01,EN,,,,,,,,,0,0,0,,,,0,,,,,,,,false,false,false,,,,,,,,,,,,,,,
24ZL,"GRAIN,DAIRY PRODUCTS",24ZL,,,IT,,,,,,24ZL,24ZL,,,,,IT,MI,,,53298,,,01,01,EN,,,,,,,,,0,0,0,,,,0,,,,,,,,false,false,false,,,,,,,,,,,,,,,
33AB,PLANT & PROJECT,33AB,,,ZA,,,,,,33AB,33AB,,,,,ZA,,,,53145,,,01,01,EN,,,,,,,,,0,0,0,,,,0,,,,,,,,false,false,false,,,,,,,,,,,,,,,
33BO,AUTOMOTIVE AFRICA SECTION,33BO,,,ZA,,,,,,33BO,33BO,,,,,ZA,,,,53328,,,01,01,EN,,,,,,,,,0,0,0,,,,0,,,,,,,,false,false,false,,,,,,,,,,,,,,,
33CM,INDUSTRIAL MACHINERY,33CM,,,ZA,,,,,,33CM,33CM,,,,,ZA,,,,53329,,,01,01,EN,,,,,,,,,0,0,0,,,,0,,,,,,,,false,false,false,,,,,,,,,,,,,,,
33CQ,WOODCHIP,33CQ,,,ZA,,,,,,33CQ,33CQ,,,,,ZA,,,,53330,,,01,01,EN,,,,,,,,,0,0,0,,,,0,,,,,,,,false,false,false,,,,,,,,,,,,,,,
33DH,AUTO AFRICA SECTION 2,33DH,,,ZA,,,,,,33DH,33DH,,,,,ZA,,,,53331,,,01,01,EN,,,,,,,,,0,0,0,,,,0,,,,,,,,false,false,false,,,,,,,,,,,,,,,
33FH,FOOD MARKETING,33FH,,,ZA,,,,,,33FH,33FH,,,,,ZA,,,,54648,,,01,01,EN,,,,,,,,,0,0,0,,,,0,,,,,,,,false,false,false,,,,,,,,,,,,,,,
33HB,CHEMICALS,33HB,,,ZA,,,,,,33HB,33HB,,,,,ZA,,,,53332,,,01,01,EN,,,,,,,,,0,0,0,,,,0,,,,,,,,false,false,false,,,,,,,,,,,,,,,
33HF,BTF HELI FORKLIFT,33HF,,,ZA,,,,,,33HF,33HF,,,,,ZA,,,,53333,,,01,01,EN,,,,,,,,,0,0,0,,,,0,,,,,,,,false,false,false,,,,,,,,,,,,,,,
33JA,Construction & Real Estate,33JA,,,ZA,,,,,,33JA,33JA,,,,,ZA,,,,57277,,,01,01,EN,,,,,,,,,0,0,0,,,,0,,,,,,,,false,false,false,,,,,,,,,,,,,,,
33KU,INFORMATION & COMMUNICATION,33KU,,,ZA,,,,,,33KU,33KU,,,,,ZA,,,,53334,,,01,01,EN,,,,,,,,,0,0,0,,,,0,,,,,,,,false,false,false,,,,,,,,,,,,,,,
33LB,CERAMICS & MINERALS,33LB,,,ZA,,,,,,33LB,33LB,,,,,ZA,,,,53335,,,01,01,EN,,,,,,,,,0,0,0,,,,0,,,,,,,,false,false,false,,,,,,,,,,,,,,,
33MI,METAL & MINERAL RESOURCES MISI,33MI,,,ZA,,,,,,33MI,33MI,,,,,ZA,,,,53336,,,01,01,EN,,,,,,,,,0,0,0,,,,0,,,,,,,,false,false,false,,,,,,,,,,,,,,,
33MQ,URANIUM,33MQ,,,ZA,,,,,,33MQ,33MQ,,,,,ZA,,,,53337,,,01,01,EN,,,,,,,,,0,0,0,,,,0,,,,,,,,false,false,false,,,,,,,,,,,,,,,
33NX,NEW ENERGY-COAL DIV,33NX,,,ZA,,,,,,33NX,33NX,,,,,ZA,,,,53338,,,01,01,EN,,,,,,,,,0,0,0,,,,0,,,,,,,,false,false,false,,,,,,,,,,,,,,,
33PP,PULP & PAPER PRODUCT,33PP,,,ZA,,,,,,33PP,33PP,,,,,ZA,,,,53339,,,01,01,EN,,,,,,,,,0,0,0,,,,0,,,,,,,,false,false,false,,,,,,,,,,,,,,,
33PR,PLATREEF DEVELOPMENT,33PR,,,ZA,,,,,,33PR,33PR,,,,,ZA,,,,53340,,,01,01,EN,,,,,,,,,0,0,0,,,,0,,,,,,,,false,false,false,,,,,,,,,,,,,,,
33RI,METALS & MINERAL RESOURCES,33RI,,,ZA,,,,,,33RI,33RI,,,,,ZA,,,,53341,,,01,01,EN,,,,,,,,,0,0,0,,,,0,,,,,,,,false,false,false,,,,,,,,,,,,,,,
33SA,TEXTILE MATERIALS,33SA,,,ZA,,,,,,33SA,33SA,,,,,ZA,,,,53342,,,01,01,EN,,,,,,,,,0,0,0,,,,0,,,,,,,,false,false,false,,,,,,,,,,,,,,,
33SP,BTF SPLICER,33SP,,,ZA,,,,,,33SP,33SP,,,,,ZA,,,,53343,,,01,01,EN,,,,,,,,,0,0,0,,,,0,,,,,,,,false,false,false,,,,,,,,,,,,,,,
33UR,FRESH FOOD DIVISION,33UR,,,ZA,,,,,,33UR,33UR,,,,,ZA,,,,54649,,,01,01,EN,,,,,,,,,0,0,0,,,,0,,,,,,,,false,false,false,,,,,,,,,,,,,,,
33WQ,SOLAR,33WQ,,,ZA,,,,,,33WQ,33WQ,,,,,ZA,,,,53344,,,01,01,EN,,,,,,,,,0,0,0,,,,0,,,,,,,,false,false,false,,,,,,,,,,,,,,,
33XA,ADMINISTRATIVE A/C (OVERHEAD),33XA,,,ZA,,,,,,33XA,33XA,,,,,ZA,,,,53345,,,01,01,EN,,,,,,,,,0,0,0,,,,0,,,,,,,,false,false,false,,,,,,,,,,,,,,,
33XB,ADMIN A/C (HEAD OFFICE),33XB,,,ZA,,,,,,33XB,33XB,,,,,ZA,,,,53346,,,01,01,EN,,,,,,,,,0,0,0,,,,0,,,,,,,,false,false,false,,,,,,,,,,,,,,,
33XC,FUND CONTROL A/C,33XC,,,ZA,,,,,,33XC,33XC,,,,,ZA,,,,53347,,,01,01,EN,,,,,,,,,0,0,0,,,,0,,,,,,,,false,false,false,,,,,,,,,,,,,,,
33XD,AFRICA ZZ A/C,33XD,,,ZA,,,,,,33XD,33XD,,,,,ZA,,,,53348,,,01,01,EN,,,,,,,,,0,0,0,,,,0,,,,,,,,false,false,false,,,,,,,,,,,,,,,
33XE,Africa (New Develop 2),33XE,,,ZA,,,,,,33XE,33XE,,,,,ZA,,,,53349,,,01,01,EN,,,,,,,,,0,0,0,,,,0,,,,,,,,false,false,false,,,,,,,,,,,,,,,
33XF,AFRICA A/C (NEW DEVELOPMENT),33XF,,,ZA,,,,,,33XF,33XF,,,,,ZA,,,,53350,,,01,01,EN,,,,,,,,,0,0,0,,,,0,,,,,,,,false,false,false,,,,,,,,,,,,,,,
33XG,AFRICA (NEW DEVELOP 3),33XG,,,ZA,,,,,,33XG,33XG,,,,,ZA,,,,53351,,,01,01,EN,,,,,,,,,0,0,0,,,,0,,,,,,,,false,false,false,,,,,,,,,,,,,,,
33XO,ADMIN DEVELOPMENT,33XO,,,ZA,,,,,,33XO,33XO,,,,,ZA,,,,53352,,,01,01,EN,,,,,,,,,0,0,0,,,,0,,,,,,,,false,false,false,,,,,,,,,,,,,,,
33YI,ENERGY DEVELOPMENT,33YI,,,ZA,,,,,,33YI,33YI,,,,,ZA,,,,53353,,,01,01,EN,,,,,,,,,0,0,0,,,,0,,,,,,,,false,false,false,,,,,,,,,,,,,,,
33YU,ENERGY TRADE,33YU,,,ZA,,,,,,33YU,33YU,,,,,ZA,,,,53354,,,01,01,EN,,,,,,,,,0,0,0,,,,0,,,,,,,,false,false,false,,,,,,,,,,,,,,,
33ZD,TEXTILE,33ZD,,,ZA,,,,,,33ZD,33ZD,,,,,ZA,,,,53355,,,01,01,EN,,,,,,,,,0,0,0,,,,0,,,,,,,,false,false,false,,,,,,,,,,,,,,,
33ZL,FOOD PROVISIONS,33ZL,,,ZA,,,,,,33ZL,33ZL,,,,,ZA,,,,54650,,,01,01,EN,,,,,,,,,0,0,0,,,,0,,,,,,,,false,false,false,,,,,,,,,,,,,,,
33ZP,FOOD PROVISIONS-ZP,33ZP,,,ZA,,,,,,33ZP,33ZP,,,,,ZA,,,,53356,,,01,01,EN,,,,,,,,,0,0,0,,,,0,,,,,,,,false,false,false,,,,,,,,,,,,,,,
33ZQ,FRESH FOOD BUSINESS,33ZQ,,,ZA,,,,,,33ZQ,33ZQ,,,,,ZA,,,,53357,,,01,01,EN,,,,,,,,,0,0,0,,,,0,,,,,,,,false,false,false,,,,,,,,,,,,,,,
33ZW,INFO TECHNOLOGY & TELECOM,33ZW,,,ZA,,,,,,33ZW,33ZW,,,,,ZA,,,,53358,,,01,01,EN,,,,,,,,,0,0,0,,,,0,,,,,,,,false,false,false,,,,,,,,,,,,,,,
501B,III Brands LLC /NYK,501B,,,,,,,,,501B,501B,,,,,US,,,,24519,,,01,01,EN,,,,,,,,,0,0,0,,,,0,,,,,,,,false,false,false,,,,,,,,,,,,,,,
501P,ITOCHU Prominent USA,501P,,,,,,,,,501P,501P,,,,,US,,,,24019,,,01,01,EN,,,,,,,,,0,0,0,,,,0,,,,,,,,false,false,false,,,,,,,,,,,,,,,
501Y,Internal Cap & R/E /,501Y,,,,,,,,,501Y,501Y,,,,,US,,,,24020,,,01,01,EN,,,,,,,,,0,0,0,,,,0,,,,,,,,false,false,false,,,,,,,,,,,,,,,
501Z,Textile Division/NYK,501Z,,,,,,,,,501Z,501Z,,,,,US,,,,24021,,,01,01,EN,,,,,,,,,0,0,0,,,,0,,,,,,,,false,false,false,,,,,,,,,,,,,,,
502A,C&E Trading,502A,,,Z9,,1251 Avenue of the Americas,,10020-1104,New York,502A,502A,,,,,US,NY,001,0001,56884,,USNY100201104,01,01,EN,,,,,,,,,0,0,0,,,,0,,,,,,,,false,false,false,,,,,,,,,,,,,,,
502D,Isuzu Commercial Truck of Amer,502D,,,Z9,,1251 Avenue of the Americas,,10020-1104,New York,502D,502D,,,,,US,NY,,,57048,,USNY100200083,01,01,EN,,,,,,,,,0,0,0,,,,0,,,,,,,,false,false,false,,,,,,,,,,,,,,,
502E,Isuzu Finance of America - Eq,502E,,,Z9,,1251 Avenue of the Americas,,10020-1104,New York,502E,502E,,,,,US,NY,001,0001,57049,,USNY100200083,01,01,EN,,,,,,,,,0,0,0,,,,0,,,,,,,,false,false,false,,,,,,,,,,,,,,,
502F,KMRF LLC,502F,,,Z9,KMRF LLC,1251 Avenue of the Americas,,10020-1104,New York,502F,502F,,,,,US,NY,001,0001,55090,,USNY100201104,01,01,EN,,,,,,,,,0,0,0,,,,0,,,,,,,,false,false,false,,,,,,,,,,,,,,,
502G,TEXMAC  /NYK,502G,,,,,,,,,502G,502G,,,,,US,,,,24520,,,01,01,EN,,,,,,,,,0,0,0,,,,0,,,,,,,,false,false,false,,,,,,,,,,,,,,,
502H,Power Projects I/NYK,502H,,,,,,,,,502H,502H,,,,,US,,,,24022,,,01,01,EN,,,,,,,,,0,0,0,,,,0,,,,,,,,false,false,false,,,,,,,,,,,,,,,
502I,Aerospace,502I,,,,,,,,,502I,502I,,,,,US,,,,24023,,,01,01,EN,,,,,,,,,0,0,0,,,,0,,,,,,,,false,false,false,,,,,,,,,,,,,,,
502J,Industrials /NYK,502J,,,,,,,,,502J,502J,,,,,US,,,,24024,,,01,01,EN,,,,,,,,,0,0,0,,,,0,,,,,,,,false,false,false,,,,,,,,,,,,,,,
502K,Denyo Mfg. Corp./NYK,502K,,,,,,,,,502K,502K,,,,,US,,,,24025,,,01,01,EN,,,,,,,,,0,0,0,,,,0,,,,,,,,false,false,false,,,,,,,,,,,,,,,
502L,Auto PRU,502L,,,Z7,,1251 Avenue of the Americas,,10020-1104,New York,502L,502L,,,,,US,NY,001,0001,50101,,USNY100200083,01,01,EN,,,,,,,,,0,0,0,,,,0,,,,,,,,false,false,false,,,,,,,,,,,,,,,
502M,Railway Project/NYK,502M,,,Z7,,1251 Avenue of the Americas,,10020-0083,NEW YORK,502M,502M,,,,,US,NY,001,0001,24026,,USNY100200083,01,01,EN,,,,,,,,,0,0,0,,,,0,,,,,,,,false,false,false,,,,,,,,,,,,,,,
502N,No Amer Engy Svc/NYK,502N,,,,,,,,,502N,502N,,,,,US,,,,24027,,,01,01,EN,,,,,,,,,0,0,0,,,,0,,,,,,,,false,false,false,,,,,,,,,,,,,,,
502O,Healthcare&Ind.Sys.,502O,,,,,,,,,502O,502O,,,,,US,,,,24028,,,01,01,EN,,,,,,,,,0,0,0,,,,0,,,,,,,,false,false,false,,,,,,,,,,,,,,,
502P,Industrious Group Inc - Equity,502P,,,,,,,,,502P,502P,,,,,US,,,,24029,,,01,01,EN,,,,,,,,,0,0,0,,,,0,,,,,,,,false,false,false,,,,,,,,,,,,,,,
502Q,Multiquip Inc./NYK,502Q,,,,,,,,,502Q,502Q,,,,,US,,,,24030,,,01,01,EN,,,,,,,,,0,0,0,,,,0,,,,,,,,false,false,false,,,,,,,,,,,,,,,
502R,Telerent /NYK,502R,,,,,,,,,502R,502R,,,,,US,,,,24031,,,01,01,EN,,,,,,,,,0,0,0,,,,0,,,,,,,,false,false,false,,,,,,,,,,,,,,,
502S,TYR Wind Equity A/C,502S,,,,,,,,,502S,502S,,,,,US,,,,24032,,,01,01,EN,,,,,,,,,0,0,0,,,,0,,,,,,,,false,false,false,,,,,,,,,,,,,,,
502T,TYR Energy /NYK,502T,,,,,,,,,502T,502T,,,,,US,,,,24033,,,01,01,EN,,,,,,,,,0,0,0,,,,0,,,,,,,,false,false,false,,,,,,,,,,,,,,,
502U,CIPSA /NYK,502U,,,,,,,,,502U,502U,,,,,US,,,,24034,,,01,01,EN,,,,,,,,,0,0,0,,,,0,,,,,,,,false,false,false,,,,,,,,,,,,,,,
502V,IAAI -Equity,502V,,,Z9,,1251 Avenue of the Americas,,10020-1104,New York,502V,502V,,,,,US,NY,001,0001,55112,,USNY100201104,01,01,EN,,,,,,,,,0,0,0,,,,0,,,,,,,,false,false,false,,,,,,,,,,,,,,,
502W,Construction Mach/NYK,502W,,,Z7,,1251 Avenue of the Americas,,10020-1104,New York,502W,502W,,,,,US,NY,001,0001,53129,,USNY100200083,01,01,EN,,,,,,,,,0,0,0,,,,0,,,,,,,,false,false,false,,,,,,,,,,,,,,,
502X,ZAXIS FinSvc Ame LLC,502X,,,Z7,,1251 Avenue of the Americas,,10020-1104,New York,502X,502X,,,,,US,NY,001,0001,53131,,USNY100200083,01,01,EN,,,,,,,,,0,0,0,,,,0,,,,,,,,false,false,false,,,,,,,,,,,,,,,
502Y,Internal Cap & R/E,502Y,,,,,,,,,502Y,502Y,,,,,US,,,,24035,,,01,01,EN,,,,,,,,,0,0,0,,,,0,,,,,,,,false,false,false,,,,,,,,,,,,,,,
502Z,Machinery Div./NYK,502Z,,,,,,,,,502Z,502Z,,,,,US,,,,24036,,,01,01,EN,,,,,,,,,0,0,0,,,,0,,,,,,,,false,false,false,,,,,,,,,,,,,,,
503A,Mobile Business,503A,,,Z9,NEW York,1251 Avenue of the Americas,,10020-1104,New York,503A,503A,,,,,US,NY,001,0001,24037,,USNY100201104,01,01,EN,,,,,,,,,0,0,0,,,,0,,,,,,,,false,false,false,,,,,,,,,,,,,,,
503B,SVL Next Gen Business Gr,503B,,,Z9,New York,1251 Avenue of the Americas,,10020-1104,New York,503B,503B,,,,,US,NY,001,0001,49813,,USNY100201104,01,01,EN,,,,,,,,,0,0,0,,,,0,,,,,,,,false,false,false,,,,,,,,,,,,,,,
503C,SVL GM,503C,,,Z9,New York,1251 Avenue of the Americas,,10020-1104,New York,503C,503C,,,,,US,NY,001,0001,49814,,USNY100201104,01,01,EN,,,,,,,,,0,0,0,,,,0,,,,,,,,false,false,false,,,,,,,,,,,,,,,
503F,Financial & Insurance Business,503F,,,Z7,,1251 Avenue of the Americas,,10020-1104,New York,503F,503F,,,,,US,NY,001,0001,54218,,USNY100200083,01,01,EN,,,,,,,,,0,0,0,,,,0,,,,,,,,false,false,false,,,,,,,,,,,,,,,
503I,IT Business,503I,,,Z9,,1251  Avenue of the Americas,,10020-1104,New York,503I,503I,,,,,US,NY,001,0001,57852,,USNY100201104,01,01,EN,,,,,,,,,0,0,0,,,,0,,,,,,,,false,false,false,,,,,,,,,,,,,,,
503K,Advance Media Techno,503K,,,,,,,,,503K,503K,,,,,US,,,,24038,,,01,01,EN,,,,,,,,,0,0,0,,,,0,,,,,,,,false,false,false,,,,,,,,,,,,,,,
503L,New Business Development,503L,,,,,1251 Avenue of the Americas,,10020-1104,New York,503L,503L,,,,,US,NY,,,24039,,USNY100201104,01,01,EN,,,,,,,,,0,0,0,,,,0,,,,,,,,false,false,false,,,,,,,,,,,,,,,
503M,Silicon Valley Office,503M,,,,,,,,,503M,503M,,,,,US,,,,24040,,,01,01,EN,,,,,,,,,0,0,0,,,,0,,,,,,,,false,false,false,,,,,,,,,,,,,,,
503N,Churchill,503N,,,Z9,Churchill,1251  Avenue of the Americas,,10020-1104,New york,503N,503N,,,,,US,NY,001,0001,57341,,USNY100200083,01,01,EN,,,,,,,,,0,0,0,,,,0,,,,,,,,false,false,false,,,,,,,,,,,,,,,
503O,AV Healthcare Expense A/C,503O,,,Z7,,1251 Avenue of the Americas,,10020-1104,New York,503O,503O,,,,,US,NY,001,0001,53831,,USNY100201104,01,01,EN,,,,,,,,,0,0,0,,,,0,,,,,,,,false,false,false,,,,,,,,,,,,,,,
503R,Avidex Equity A/C,503R,,,Z7,,1251 Avenue of the Americas,,10020-1104,New York,503R,503R,,,,,US,NY,001,0001,53833,,USNY100200083,01,01,EN,,,,,,,,,0,0,0,,,,0,,,,,,,,false,false,false,,,,,,,,,,,,,,,
503S,SilverSky,503S,,,Z9,NEW York,1251 Avenue of the Americas,,10020-1104,New York,503S,503S,,,,,US,NY,001,0001,41363,,USNY100201104,01,01,EN,,,,,,,,,0,0,0,,,,0,,,,,,,,false,false,false,,,,,,,,,,,,,,,
503T,Technologent,503T,,,Z9,Technologent,1251 Avenue of the Americas,,10020-1104,New York,503T,503T,,,,,US,NY,001,0001,57197,,USNY100200083,01,01,EN,,,,,,,,,0,0,0,,,,0,,,,,,,,false,false,false,,,,,,,,,,,,,,,
503V,Veros,503V,,,Z9,New York,1251  Avenue of the Americas,,10020-1104,New york,503V,503V,,,,,US,NY,001,0001,57074,,USNY100200083,01,01,EN,,,,,,,,,0,0,0,,,,0,,,,,,,,false,false,false,,,,,,,,,,,,,,,
503W,We Sell Cellular,503W,,,Z9,,1251 Avenue of the Americas,,10020-1104,New York,503W,503W,,,,,US,NY,,,57198,,USNY100200083,01,01,EN,,,,,,,,,0,0,0,,,,0,,,,,,,,false,false,false,,,,,,,,,,,,,,,
503Y,Int Cap & RE/NYK,503Y,,,,,,,,,503Y,503Y,,,,,US,,,,24041,,,01,01,EN,,,,,,,,,0,0,0,,,,0,,,,,,,,false,false,false,,,,,,,,,,,,,,,
503Z,ICT&FB Div GM,503Z,,,,,,,,,503Z,503Z,,,,,US,,,,24042,,,01,01,EN,,,,,,,,,0,0,0,,,,0,,,,,,,,false,false,false,,,,,,,,,,,,,,,
505A,Nuclear Fuel /NYK,505A,,,Z9,New York,1251 Avenue of the Americas,,10020-1104,New York,505A,505A,,,,,US,NY,001,0001,24043,,USNY100201104,01,01,EN,,,,,,,,,0,0,0,,,,0,,,,,,,,false,false,false,,,,,,,,,,,,,,,
505K,Coal /NYK,505K,,,,,,,,,505K,505K,,,,,US,,,,24044,,,01,01,EN,,,,,,,,,0,0,0,,,,0,,,,,,,,false,false,false,,,,,,,,,,,,,,,
505L,Metal & Minerals/NYK,505L,,,,,,,,,505L,505L,,,,,US,,,,24045,,,01,01,EN,,,,,,,,,0,0,0,,,,0,,,,,,,,false,false,false,,,,,,,,,,,,,,,
505M,SolarNet Holdings LLC /NYK,505M,,,,,,,,,505M,505M,,,,,US,,,,24521,,,01,01,EN,,,,,,,,,0,0,0,,,,0,,,,,,,,false,false,false,,,,,,,,,,,,,,,
505N,Solar Business  /NYK,505N,,,,,,,,,505N,505N,,,,,US,,,,24522,,,01,01,EN,,,,,,,,,0,0,0,,,,0,,,,,,,,false,false,false,,,,,,,,,,,,,,,
505O,Solar&Environmental Busn/NYK,505O,,,,,,,,,505O,505O,,,,,US,,,,24523,,,01,01,EN,,,,,,,,,0,0,0,,,,0,,,,,,,,false,false,false,,,,,,,,,,,,,,,
505V,ITOCHU Mexico Non-Fe,505V,,,,,,,,,505V,505V,,,,,US,,,,24046,,,01,01,EN,,,,,,,,,0,0,0,,,,0,,,,,,,,false,false,false,,,,,,,,,,,,,,,
505Y,Int Capital &RE/NYK,505Y,,,,,,,,,505Y,505Y,,,,,US,,,,24047,,,01,01,EN,,,,,,,,,0,0,0,,,,0,,,,,,,,false,false,false,,,,,,,,,,,,,,,
505Z,Metal Mineral Div GM,505Z,,,,,,,,,505Z,505Z,,,,,US,,,,24048,,,01,01,EN,,,,,,,,,0,0,0,,,,0,,,,,,,,false,false,false,,,,,,,,,,,,,,,
506A,Grain Products /PTL,506A,,,Z9,New York,1251 Avenue of the Americas,,10020-1104,New York,506A,506A,,,,,US,NY,001,0001,24049,,USNY100201104,01,01,EN,,,,,,,,,0,0,0,,,,0,,,,,,,,false,false,false,,,,,,,,,,,,,,,
506B,Grain /PTL,506B,,,Z9,New York,1251 Avenue of the Americas,,10020-1104,New York,506B,506B,,,,,US,NY,001,0001,24050,,USNY100201104,01,01,EN,,,,,,,,,0,0,0,,,,0,,,,,,,,false,false,false,,,,,,,,,,,,,,,
506C,Soybean /NYK,506C,,,Z9,New York,1251 Avenue of the Americas,,10020-1104,New York,506C,506C,,,,,US,NY,001,0001,24051,,USNY100201104,01,01,EN,,,,,,,,,0,0,0,,,,0,,,,,,,,false,false,false,,,,,,,,,,,,,,,
506D,Feedstuff Material/NYK,506D,,,Z9,New York,1251 Avenue of the Americas,,10020-1104,New York,506D,506D,,,,,US,NY,001,0001,24052,,USNY100201104,01,01,EN,,,,,,,,,0,0,0,,,,0,,,,,,,,false,false,false,,,,,,,,,,,,,,,
506E,Cocoa & Confectionary Matl/NYK,506E,,,Z7,Cocoa & Confectionary Matl/NYK,1251 Avenue of the Americas,,10020-1104,New York,506E,506E,,,,,US,NY,001,0001,24053,,USNY100201104,01,01,EN,,,,,,,,,0,0,0,,,,0,,,,,,,,false,false,false,,,,,,,,,,,,,,,
506F,Fuji Oil International Inc,506F,,,Z7,New York,1251 Avenue of the Americas,,10020-1104,New York,506F,506F,,,,,US,NY,001,0001,43681,,USNY100201104,01,01,EN,,,,,,,,,0,0,0,,,,0,,,,,,,,false,false,false,,,,,,,,,,,,,,,
506G,Oils & Fats Trading,506G,,,Z7,New York,1251 Avenue of the Americas,,10020-1104,New York,506G,506G,,,,,US,NY,001,0001,43682,,USNY100201104,01,01,EN,,,,,,,,,0,0,0,,,,0,,,,,,,,false,false,false,,,,,,,,,,,,,,,
506H,Cocoa Trading,506H,,,Z7,Cocoa Trading,1251 Avenue of the Americas,,10020-1104,New York,506H,506H,,,,,US,NY,001,0001,55394,,USNY100200083,01,01,EN,,,,,,,,,0,0,0,,,,0,,,,,,,,false,false,false,,,,,,,,,,,,,,,
506K,EXIM COOP/NYK,506K,,,,,,,,,506K,506K,,,,,US,,,,24054,,,01,01,EN,,,,,,,,,0,0,0,,,,0,,,,,,,,false,false,false,,,,,,,,,,,,,,,
506L,Quality Technologies,506L,,,,,,,,,506L,506L,,,,,US,,,,24055,,,01,01,EN,,,,,,,,,0,0,0,,,,0,,,,,,,,false,false,false,,,,,,,,,,,,,,,
506M,CGB Enterprises/NYK,506M,,,,,,,,,506M,506M,,,,,US,,,,24056,,,01,01,EN,,,,,,,,,0,0,0,,,,0,,,,,,,,false,false,false,,,,,,,,,,,,,,,
506N,ICREST Int'l LLC/LOS,506N,,,,,,,,,506N,506N,,,,,US,,,,24057,,,01,01,EN,,,,,,,,,0,0,0,,,,0,,,,,,,,false,false,false,,,,,,,,,,,,,,,
506O,Oilseeds Int'l Ltd,506O,,,,,,,,,506O,506O,,,,,US,,,,24058,,,01,01,EN,,,,,,,,,0,0,0,,,,0,,,,,,,,false,false,false,,,,,,,,,,,,,,,
506P,"EGT, LLC /NYK",506P,,,,,,,,,506P,506P,,,,,US,,,,24059,,,01,01,EN,,,,,,,,,0,0,0,,,,0,,,,,,,,false,false,false,,,,,,,,,,,,,,,
506V,Food - Meat /MEX,506V,,,,,,,,,506V,506V,,,,,US,,,,24060,,,01,01,EN,,,,,,,,,0,0,0,,,,0,,,,,,,,false,false,false,,,,,,,,,,,,,,,
506W,Food-Animal Fd /MEX,506W,,,,,,,,,506W,506W,,,,,US,,,,24061,,,01,01,EN,,,,,,,,,0,0,0,,,,0,,,,,,,,false,false,false,,,,,,,,,,,,,,,
506Y,Internal Cap/RE/NYK,506Y,,,,,,,,,506Y,506Y,,,,,US,,,,24062,,,01,01,EN,,,,,,,,,0,0,0,,,,0,,,,,,,,false,false,false,,,,,,,,,,,,,,,
506Z,Food Division/NYK,506Z,,,,,,,,,506Z,506Z,,,,,US,,,,24063,,,01,01,EN,,,,,,,,,0,0,0,,,,0,,,,,,,,false,false,false,,,,,,,,,,,,,,,
507A,Pulp & Paper Materials/NYK,507A,,,Z9,New York,1251 Avenue of the Americas,,10020-1104,New York,507A,507A,,,,,US,NY,001,0001,24064,,USNY100201104,01,01,EN,,,,,,,,,0,0,0,,,,0,,,,,,,,false,false,false,,,,,,,,,,,,,,,
507B,Pulp & Paper Products/NYK,507B,,,Z9,New York,1251 Avenue of the Americas,,10020-1104,New York,507B,507B,,,,,US,NY,001,0001,24065,,USNY100201104,01,01,EN,,,,,,,,,0,0,0,,,,0,,,,,,,,false,false,false,,,,,,,,,,,,,,,
507C,Cement /NYK,507C,,,Z9,New York,1251 Avenue of the Americas,,10020-1104,New York,507C,507C,,,,,US,NY,001,0001,24066,,USNY100201104,01,01,EN,,,,,,,,,0,0,0,,,,0,,,,,,,,false,false,false,,,,,,,,,,,,,,,
507D,Tires II /NYK,507D,,,Z9,New York,1251 Avenue of the Americas,,10020-1104,New York,507D,507D,,,,,US,NY,001,0001,24067,,USNY100201104,01,01,EN,,,,,,,,,0,0,0,,,,0,,,,,,,,false,false,false,,,,,,,,,,,,,,,
507F,IMI GP Walsh LLC Equity,507F,,,Z9,IMI GP Walsh LLC Equity,1251 Avenue of the Americas,,10020-1104,New York,507F,507F,,,,,US,NY,001,0001,56614,,USNY100201104,01,01,EN,,,,,,,,,0,0,0,,,,0,,,,,,,,false,false,false,,,,,,,,,,,,,,,
507G,IMI GP Equity,507G,,,Z9,IMI GP Equity,1251 Avenue of the Americas,,10020-1104,New York,507G,507G,,,,,US,NY,001,0001,55483,,USNY100200083,01,01,EN,,,,,,,,,0,0,0,,,,0,,,,,,,,false,false,false,,,,,,,,,,,,,,,
507H,IBP Holdings Inc. Equity,507H,,,Z7,,1251 Avenue of the Americas,,10020-1104,New York,507H,507H,,,,,US,NY,001,0001,49819,,USNY100200083,01,01,EN,,,,,,,,,0,0,0,,,,0,,,,,,,,false,false,false,,,,,,,,,,,,,,,
507I,IMI Charlotte LP Equity,507I,,,Z9,IMI Charlotte LP Equity,1251 Avenue of the Americas,,10020-1104,New York,507I,507I,,,,,US,NY,001,0001,55484,,USNY100200083,01,01,EN,,,,,,,,,0,0,0,,,,0,,,,,,,,false,false,false,,,,,,,,,,,,,,,
507J,IMI Walsh LP Equity,507J,,,Z9,IMI Walsh LP Equity,1251 Avenue of the Americas,,10020-1104,New York,507J,507J,,,,,US,NY,001,0001,56615,,USNY100201104,01,01,EN,,,,,,,,,0,0,0,,,,0,,,,,,,,false,false,false,,,,,,,,,,,,,,,
507K,Alta Forest Products,507K,,,,,,,,,507K,507K,,,,,US,,,,24068,,,01,01,EN,,,,,,,,,0,0,0,,,,0,,,,,,,,false,false,false,,,,,,,,,,,,,,,
507M,Master Halco /NYK,507M,,,,,,,,,507M,507M,,,,,US,,,,24069,,,01,01,EN,,,,,,,,,0,0,0,,,,0,,,,,,,,false,false,false,,,,,,,,,,,,,,,
507N,Cerabeads /NYK,507N,,,,,,,,,507N,507N,,,,,US,,,,24070,,,01,01,EN,,,,,,,,,0,0,0,,,,0,,,,,,,,false,false,false,,,,,,,,,,,,,,,
507O,Realty /NYK,507O,,,,,,,,,507O,507O,,,,,US,,,,24071,,,01,01,EN,,,,,,,,,0,0,0,,,,0,,,,,,,,false,false,false,,,,,,,,,,,,,,,
507P,Business Development /NYK,507P,,,,,,,,,507P,507P,,,,,US,,,,24524,,,01,01,EN,,,,,,,,,0,0,0,,,,0,,,,,,,,false,false,false,,,,,,,,,,,,,,,
507Q,Pacific Woodtech Equity A/C/NY,507Q,,,,,,,,,507Q,507Q,,,,,US,,,,24525,,,01,01,EN,,,,,,,,,0,0,0,,,,0,,,,,,,,false,false,false,,,,,,,,,,,,,,,
507R,Project Gemini /NYK,507R,,,,,,,,,507R,507R,,,,,US,,,,24526,,,01,01,EN,,,,,,,,,0,0,0,,,,0,,,,,,,,false,false,false,,,,,,,,,,,,,,,
507S,ITR-USA Inc. /NYK,507S,,,,,,,,,507S,507S,,,,,US,,,,24527,,,01,01,EN,,,,,,,,,0,0,0,,,,0,,,,,,,,false,false,false,,,,,,,,,,,,,,,
507T,Primesource/NYK,507T,,,,,,,,,507T,507T,,,,,US,,,,24528,,,01,01,EN,,,,,,,,,0,0,0,,,,0,,,,,,,,false,false,false,,,,,,,,,,,,,,,
507U,Building Material,507U,,,,,,,,,507U,507U,,,,,US,,,,24529,,,01,01,EN,,,,,,,,,0,0,0,,,,0,,,,,,,,false,false,false,,,,,,,,,,,,,,,
507V,General Products/MEX,507V,,,,,,,,,507V,507V,,,,,US,,,,24072,,,01,01,EN,,,,,,,,,0,0,0,,,,0,,,,,,,,false,false,false,,,,,,,,,,,,,,,
507X,Log & Lumber (Historical),507X,,,Z9,,1251 Avenue of the Americas,,10020-1104,New York,507X,507X,,,,,US,NY,001,0001,54514,,USNY100201104,01,01,EN,,,,,,,,,0,0,0,,,,0,,,,,,,,false,false,false,,,,,,,,,,,,,,,
507Y,Internal Cap/RE/NYK,507Y,,,,,,,,,507Y,507Y,,,,,US,,,,24073,,,01,01,EN,,,,,,,,,0,0,0,,,,0,,,,,,,,false,false,false,,,,,,,,,,,,,,,
507Z,G/M Div A/C,507Z,,,,,,,,,507Z,507Z,,,,,US,,,,24074,,,01,01,EN,,,,,,,,,0,0,0,,,,0,,,,,,,,false,false,false,,,,,,,,,,,,,,,
508A,TXAX /NYK,508A,,,,,,,,,508A,508A,,,,,US,,,,24530,,,01,01,EN,,,,,,,,,0,0,0,,,,0,,,,,,,,false,false,false,,,,,,,,,,,,,,,
508B,Maypro,508B,,,Z9,,1251 Avenue of the Americas,,10020-1104,New York,508B,508B,,,,,US,NY,,,56247,,USNY100200083,01,01,EN,,,,,,,,,0,0,0,,,,0,,,,,,,,false,false,false,,,,,,,,,,,,,,,
508C,Battery Materials,508C,,,Z7,,1251 Avenue of the Americas,,10020-1104,New York,508C,508C,,,,,US,NY,001,0001,57894,,USNY100201104,01,01,EN,,,,,,,,,0,0,0,,,,0,,,,,,,,false,false,false,,,,,,,,,,,,,,,
508K,Helmitin USA Equity,508K,,,,,,,,,508K,508K,,,,,US,,,,24075,,,01,01,EN,,,,,,,,,0,0,0,,,,0,,,,,,,,false,false,false,,,,,,,,,,,,,,,
508L,Helmitin Canada Eqty,508L,,,,,,,,,508L,508L,,,,,US,,,,24076,,,01,01,EN,,,,,,,,,0,0,0,,,,0,,,,,,,,false,false,false,,,,,,,,,,,,,,,
508M,ITOCHU Chemical,508M,,,,,,,,,508M,508M,,,,,US,,,,24077,,,01,01,EN,,,,,,,,,0,0,0,,,,0,,,,,,,,false,false,false,,,,,,,,,,,,,,,
508N,Reynolds /NYK,508N,,,,,,,,,508N,508N,,,,,US,,,,24078,,,01,01,EN,,,,,,,,,0,0,0,,,,0,,,,,,,,false,false,false,,,,,,,,,,,,,,,
508O,MGI International Affil,508O,,,,,,,,,508O,508O,,,,,US,,,,24079,,,01,01,EN,,,,,,,,,0,0,0,,,,0,,,,,,,,false,false,false,,,,,,,,,,,,,,,
508P,Bonset(America),508P,,,,,,,,,508P,508P,,,,,US,,,,24080,,,01,01,EN,,,,,,,,,0,0,0,,,,0,,,,,,,,false,false,false,,,,,,,,,,,,,,,
508V,Chemical Mexico,508V,,,,,,,,,508V,508V,,,,,US,,,,24081,,,01,01,EN,,,,,,,,,0,0,0,,,,0,,,,,,,,false,false,false,,,,,,,,,,,,,,,
508X,MGI International LLC Consol,508X,,,Z7,,1251 Avenue of the Americas,,10020-1104,New York,508X,508X,,,,,US,NY,001,0001,52007,,USNY100201104,01,01,EN,,,,,,,,,0,0,0,,,,0,,,,,,,,false,false,false,,,,,,,,,,,,,,,
508Y,ChemDiv Int Cap & RE,508Y,,,,,,,,,508Y,508Y,,,,,US,,,,24082,,,01,01,EN,,,,,,,,,0,0,0,,,,0,,,,,,,,false,false,false,,,,,,,,,,,,,,,
508Z,Chemical Division AC,508Z,,,,,,,,,508Z,508Z,,,,,US,,,,24083,,,01,01,EN,,,,,,,,,0,0,0,,,,0,,,,,,,,false,false,false,,,,,,,,,,,,,,,
509L,Trademark Merchant Energy /NYK,509L,,,,,,,,,509L,509L,,,,,US,,,,24531,,,01,01,EN,,,,,,,,,0,0,0,,,,0,,,,,,,,false,false,false,,,,,,,,,,,,,,,
509M,Magnus Shoreline / NYK,509M,,,,,,,,,509M,509M,,,,,US,,,,24532,,,01,01,EN,,,,,,,,,0,0,0,,,,0,,,,,,,,false,false,false,,,,,,,,,,,,,,,
509P,Power & Utility,509P,,,,,,,,,509P,509P,,,,,US,,,,24533,,,01,01,EN,,,,,,,,,0,0,0,,,,0,,,,,,,,false,false,false,,,,,,,,,,,,,,,
509Q,Battery Business,509Q,,,Z7,,1251 Avenue of the Americas,,10020-1104,New York,509Q,509Q,,,,,US,NY,001,0001,24534,,USNY100201104,01,01,EN,,,,,,,,,0,0,0,,,,0,,,,,,,,false,false,false,,,,,,,,,,,,,,,
509W,Internal Cap & RE A/C,509W,,,,,,,,,509W,509W,,,,,US,,,,24535,,,01,01,EN,,,,,,,,,0,0,0,,,,0,,,,,,,,false,false,false,,,,,,,,,,,,,,,
509X,Power & Environmental A/C,509X,,,,,,,,,509X,509X,,,,,US,,,,24536,,,01,01,EN,,,,,,,,,0,0,0,,,,0,,,,,,,,false,false,false,,,,,,,,,,,,,,,
509Y,Intern Cap & RE /NYK,509Y,,,,,,,,,509Y,509Y,,,,,US,,,,24084,,,01,01,EN,,,,,,,,,0,0,0,,,,0,,,,,,,,false,false,false,,,,,,,,,,,,,,,
509Z,Branch Gen Mgr /NYK,509Z,,,,,,,,,509Z,509Z,,,,,US,,,,24085,,,01,01,EN,,,,,,,,,0,0,0,,,,0,,,,,,,,false,false,false,,,,,,,,,,,,,,,
50A1,Divisional Acct /NYK,50A1,,,,,,,,,50A1,50A1,,,,,US,,,,24086,,,01,01,EN,,,,,,,,,0,0,0,,,,0,,,,,,,,false,false,false,,,,,,,,,,,,,,,
50A2,Corporate Credit/NYK,50A2,,,,,,,,,50A2,50A2,,,,,US,,,,24087,,,01,01,EN,,,,,,,,,0,0,0,,,,0,,,,,,,,false,false,false,,,,,,,,,,,,,,,
50A3,Financial Acctng&Rep,50A3,,,,,,,,,50A3,50A3,,,,,US,,,,24088,,,01,01,EN,,,,,,,,,0,0,0,,,,0,,,,,,,,false,false,false,,,,,,,,,,,,,,,
50A4,Finan. Risk Mgmt/NYK,50A4,,,,,,,,,50A4,50A4,,,,,US,,,,24089,,,01,01,EN,,,,,,,,,0,0,0,,,,0,,,,,,,,false,false,false,,,,,,,,,,,,,,,
50A5,Planning&Contr Acctg,50A5,,,,,,,,,50A5,50A5,,,,,US,,,,24090,,,01,01,EN,,,,,,,,,0,0,0,,,,0,,,,,,,,false,false,false,,,,,,,,,,,,,,,
50A6,External Rprtng IFRS,50A6,,,,,,,,,50A6,50A6,,,,,US,,,,24091,,,01,01,EN,,,,,,,,,0,0,0,,,,0,,,,,,,,false,false,false,,,,,,,,,,,,,,,
50A7,Corp Acct/Controller,50A7,,,,,,,,,50A7,50A7,,,,,US,,,,24092,,,01,01,EN,,,,,,,,,0,0,0,,,,0,,,,,,,,false,false,false,,,,,,,,,,,,,,,
50A8,Financial Systems/NY,50A8,,,,,,,,,50A8,50A8,,,,,US,,,,24093,,,01,01,EN,,,,,,,,,0,0,0,,,,0,,,,,,,,false,false,false,,,,,,,,,,,,,,,
50B1,Business Develp/NYK,50B1,,,,,,,,,50B1,50B1,,,,,US,,,,24094,,,01,01,EN,,,,,,,,,0,0,0,,,,0,,,,,,,,false,false,false,,,,,,,,,,,,,,,
50B2,L.A. Branch Admin Ex,50B2,,,,,,,,,50B2,50B2,,,,,US,,,,24095,,,01,01,EN,,,,,,,,,0,0,0,,,,0,,,,,,,,false,false,false,,,,,,,,,,,,,,,
50B3,Washington DC Office,50B3,,,,,,,,,50B3,50B3,,,,,US,,,,24096,,,01,01,EN,,,,,,,,,0,0,0,,,,0,,,,,,,,false,false,false,,,,,,,,,,,,,,,
50B4,S.F. Branch Admin Exp A/C /SFR,50B4,,,,,,,,,50B4,50B4,,,,,US,,,,24537,,,01,01,EN,,,,,,,,,0,0,0,,,,0,,,,,,,,false,false,false,,,,,,,,,,,,,,,
50B5,Silicon Valley Office: Manager,50B5,,,,,,,,,50B5,50B5,,,,,US,,,,24538,,,01,01,EN,,,,,,,,,0,0,0,,,,0,,,,,,,,false,false,false,,,,,,,,,,,,,,,
50B6,Silicon Valley Office:Next Gen,50B6,,,,,,,,,50B6,50B6,,,,,US,,,,24539,,,01,01,EN,,,,,,,,,0,0,0,,,,0,,,,,,,,false,false,false,,,,,,,,,,,,,,,
50C1,Corporate Planning,50C1,,,,,,,,,50C1,50C1,,,,,US,,,,24097,,,01,01,EN,,,,,,,,,0,0,0,,,,0,,,,,,,,false,false,false,,,,,,,,,,,,,,,
50C2,Busn Plng & Analy/NY,50C2,,,,,,,,,50C2,50C2,,,,,US,,,,24098,,,01,01,EN,,,,,,,,,0,0,0,,,,0,,,,,,,,false,false,false,,,,,,,,,,,,,,,
50C3,Sustainability Department,50C3,,,Z9,,1251 Avenue of the Americas,,10020-1104,New York,50C3,50C3,,,,,US,NY,,,56611,,USNY100200083,01,01,EN,,,,,,,,,0,0,0,,,,0,,,,,,,,false,false,false,,,,,,,,,,,,,,,
50C4,BP&A,50C4,,,Z9,,1251 Avenue of the Americas,,10020-1104,New York,50C4,50C4,,,,,US,NY,,,57251,,USNY100201104,01,01,EN,,,,,,,,,0,0,0,,,,0,,,,,,,,false,false,false,,,,,,,,,,,,,,,
50C5,Corporate Development,50C5,,,Z9,,1251 Avenue of the Americas,,10020-1104,New York,50C5,50C5,,,,,US,NY,,,57902,,USNY100201104,01,01,EN,,,,,,,,,0,0,0,,,,0,,,,,,,,false,false,false,,,,,,,,,,,,,,,
50E1,Executive Office/NYK,50E1,,,,,,,,,50E1,50E1,,,,,US,,,,24099,,,01,01,EN,,,,,,,,,0,0,0,,,,0,,,,,,,,false,false,false,,,,,,,,,,,,,,,
50E2,CFO A/C /NYK,50E2,,,,,,,,,50E2,50E2,,,,,US,,,,24100,,,01,01,EN,,,,,,,,,0,0,0,,,,0,,,,,,,,false,false,false,,,,,,,,,,,,,,,
50E3,CCO A/C - NYK,50E3,,,Z9,,1251 Avenue of the Americas,,10020-1104,New York,50E3,50E3,,,,,US,NY,,,57274,,USNY100200083,01,01,EN,,,,,,,,,0,0,0,,,,0,,,,,,,,false,false,false,,,,,,,,,,,,,,,
50F1,Corp Finance & Treas,50F1,,,,,,,,,50F1,50F1,,,,,US,,,,24101,,,01,01,EN,,,,,,,,,0,0,0,,,,0,,,,,,,,false,false,false,,,,,,,,,,,,,,,
50F2,Insurance Mgmt. /NYK,50F2,,,,,,,,,50F2,50F2,,,,,US,,,,24102,,,01,01,EN,,,,,,,,,0,0,0,,,,0,,,,,,,,false,false,false,,,,,,,,,,,,,,,
50F3,Insurance /NYK,50F3,,,,,,,,,50F3,50F3,,,,,US,,,,24103,,,01,01,EN,,,,,,,,,0,0,0,,,,0,,,,,,,,false,false,false,,,,,,,,,,,,,,,
50G1,General Affairs /NYK,50G1,,,,,,,,,50G1,50G1,,,,,US,,,,24104,,,01,01,EN,,,,,,,,,0,0,0,,,,0,,,,,,,,false,false,false,,,,,,,,,,,,,,,
50G2,1251 Office Rent/NYK,50G2,,,,,,,,,50G2,50G2,,,,,US,,,,24105,,,01,01,EN,,,,,,,,,0,0,0,,,,0,,,,,,,,false,false,false,,,,,,,,,,,,,,,
50G3,Office Rent /NYK,50G3,,,,,,,,,50G3,50G3,,,,,US,,,,24106,,,01,01,EN,,,,,,,,,0,0,0,,,,0,,,,,,,,false,false,false,,,,,,,,,,,,,,,
50H1,"Payroll,Benefits,HR",50H1,,,,,,,,,50H1,50H1,,,,,US,,,,24107,,,01,01,EN,,,,,,,,,0,0,0,,,,0,,,,,,,,false,false,false,,,,,,,,,,,,,,,
50H2,Learning & Developme,50H2,,,,,,,,,50H2,50H2,,,,,US,,,,24108,,,01,01,EN,,,,,,,,,0,0,0,,,,0,,,,,,,,false,false,false,,,,,,,,,,,,,,,
50H3,Expatriate Relations,50H3,,,,,,,,,50H3,50H3,,,,,US,,,,24109,,,01,01,EN,,,,,,,,,0,0,0,,,,0,,,,,,,,false,false,false,,,,,,,,,,,,,,,
50H4,HRIS /NYK,50H4,,,,,,,,,50H4,50H4,,,,,US,,,,24110,,,01,01,EN,,,,,,,,,0,0,0,,,,0,,,,,,,,false,false,false,,,,,,,,,,,,,,,
50H5,HR & General Affairs,50H5,,,,,,,,,50H5,50H5,,,,,US,,,,24111,,,01,01,EN,,,,,,,,,0,0,0,,,,0,,,,,,,,false,false,false,,,,,,,,,,,,,,,
50I1,Itochu Canada/NYK,50I1,,,,,,,,,50I1,50I1,,,,,US,,,,24112,,,01,01,EN,,,,,,,,,0,0,0,,,,0,,,,,,,,false,false,false,,,,,,,,,,,,,,,
50I2,ITOCHU Mexico /NYK,50I2,,,,,,,,,50I2,50I2,,,,,US,,,,24113,,,01,01,EN,,,,,,,,,0,0,0,,,,0,,,,,,,,false,false,false,,,,,,,,,,,,,,,
50L1,Customs /NYK,50L1,,,,,,,,,50L1,50L1,,,,,US,,,,24114,,,01,01,EN,,,,,,,,,0,0,0,,,,0,,,,,,,,false,false,false,,,,,,,,,,,,,,,
50L2,Legal /NYK,50L2,,,,,,,,,50L2,50L2,,,,,US,,,,24115,,,01,01,EN,,,,,,,,,0,0,0,,,,0,,,,,,,,false,false,false,,,,,,,,,,,,,,,
50N1,Internal Audit /NYK,50N1,,,,,,,,,50N1,50N1,,,,,US,,,,24116,,,01,01,EN,,,,,,,,,0,0,0,,,,0,,,,,,,,false,false,false,,,,,,,,,,,,,,,
50N2,Internal Audit,50N2,,,Z9,Internal Audit,1251 Avenue of the Americas,,10020-1104,New York,50N2,50N2,,,,,US,NY,001,0001,54560,,USNY100201104,01,01,EN,,,,,,,,,0,0,0,,,,0,,,,,,,,false,false,false,,,,,,,,,,,,,,,
50Q1,"P/R, Benefits&HR Adm",50Q1,,,,,,,,,50Q1,50Q1,,,,,US,,,,24117,,,01,01,EN,,,,,,,,,0,0,0,,,,0,,,,,,,,false,false,false,,,,,,,,,,,,,,,
50Q2,Fixed Assets/NYK,50Q2,,,,,,,,,50Q2,50Q2,,,,,US,,,,24118,,,01,01,EN,,,,,,,,,0,0,0,,,,0,,,,,,,,false,false,false,,,,,,,,,,,,,,,
50Q3,FCO Funds Control US,50Q3,,,,,,,,,50Q3,50Q3,,,,,US,,,,24119,,,01,01,EN,,,,,,,,,0,0,0,,,,0,,,,,,,,false,false,false,,,,,,,,,,,,,,,
50Q4,Overhead Alloc A/C,50Q4,,,,,,,,,50Q4,50Q4,,,,,US,,,,24120,,,01,01,EN,,,,,,,,,0,0,0,,,,0,,,,,,,,false,false,false,,,,,,,,,,,,,,,
50Q5,Tax Accting Balances,50Q5,,,,,,,,,50Q5,50Q5,,,,,US,,,,24121,,,01,01,EN,,,,,,,,,0,0,0,,,,0,,,,,,,,false,false,false,,,,,,,,,,,,,,,
50Q6,Head Office,50Q6,,,,,,,,,50Q6,50Q6,,,,,US,,,,24122,,,01,01,EN,,,,,,,,,0,0,0,,,,0,,,,,,,,false,false,false,,,,,,,,,,,,,,,
50Q7,Head Office General,50Q7,,,,,,,,,50Q7,50Q7,,,,,US,,,,24123,,,01,01,EN,,,,,,,,,0,0,0,,,,0,,,,,,,,false,false,false,,,,,,,,,,,,,,,
50Q8,PCC,50Q8,,,,,,,,,50Q8,50Q8,,,,,US,,,,24540,,,01,01,EN,,,,,,,,,0,0,0,,,,0,,,,,,,,false,false,false,,,,,,,,,,,,,,,
50S1,Info Sys (Comm)/NYK,50S1,,,,,,,,,50S1,50S1,,,,,US,,,,24124,,,01,01,EN,,,,,,,,,0,0,0,,,,0,,,,,,,,false,false,false,,,,,,,,,,,,,,,
50S2,Info Sys (Phone)/NYK,50S2,,,,,,,,,50S2,50S2,,,,,US,,,,24125,,,01,01,EN,,,,,,,,,0,0,0,,,,0,,,,,,,,false,false,false,,,,,,,,,,,,,,,
50S3,Info Sys (Comp)/NYK,50S3,,,,,,,,,50S3,50S3,,,,,US,,,,24126,,,01,01,EN,,,,,,,,,0,0,0,,,,0,,,,,,,,false,false,false,,,,,,,,,,,,,,,
50S4,Information Sys /NYK,50S4,,,,,,,,,50S4,50S4,,,,,US,,,,24127,,,01,01,EN,,,,,,,,,0,0,0,,,,0,,,,,,,,false,false,false,,,,,,,,,,,,,,,
50T1,Tax /NYK,50T1,,,,,,,,,50T1,50T1,,,,,US,,,,24128,,,01,01,EN,,,,,,,,,0,0,0,,,,0,,,,,,,,false,false,false,,,,,,,,,,,,,,,
50V1,Enterprise Invest/NY,50V1,,,,,,,,,50V1,50V1,,,,,US,,,,24129,,,01,01,EN,,,,,,,,,0,0,0,,,,0,,,,,,,,false,false,false,,,,,,,,,,,,,,,
50V2,Master Halco /NYK,50V2,,,,,,,,,50V2,50V2,,,,,US,,,,24130,,,01,01,EN,,,,,,,,,0,0,0,,,,0,,,,,,,,false,false,false,,,,,,,,,,,,,,,
50V3,Joint Internet /NYK,50V3,,,,,,,,,50V3,50V3,,,,,US,,,,24131,,,01,01,EN,,,,,,,,,0,0,0,,,,0,,,,,,,,false,false,false,,,,,,,,,,,,,,,
50V4,Development & Ven-Exp A/C /NYK,50V4,,,,,,,,,50V4,50V4,,,,,US,,,,24541,,,01,01,EN,,,,,,,,,0,0,0,,,,0,,,,,,,,false,false,false,,,,,,,,,,,,,,,
50V5,Capital Venture Invest/NYK,50V5,,,,,,,,,50V5,50V5,,,,,US,,,,24542,,,01,01,EN,,,,,,,,,0,0,0,,,,0,,,,,,,,false,false,false,,,,,,,,,,,,,,,
50XA,RS - Auto Investment Inc,50XA,,,Z9,RS - Auto Investment Inc,1251 Avenue of the Americas,,10020,New York,50XA,50XA,,,,,US,NY,001,0001,55395,,USNY100200083,01,01,EN,,,,,,,,,0,0,0,,,,0,,,,,,,,false,false,false,,,,,,,,,,,,,,,
50XB,RS - ITC Techno-Solutions Amer,50XB,,,Z9,RS - ITC Techno-Solutions Amer,1251 Avenue of the Americas,,10020,New York,50XB,50XB,,,,,US,NY,001,0001,55437,,USNY100200083,01,01,EN,,,,,,,,,0,0,0,,,,0,,,,,,,,false,false,false,,,,,,,,,,,,,,,
50XC,"RS - Dole Packaged Foods, LLC",50XC,,,Z9,"RS - Dole Packaged Foods, LLC",1251 Avenue of the Americas,,10020,New York,50XC,50XC,,,,,US,NY,001,0001,55396,,USNY100200083,01,01,EN,,,,,,,,,0,0,0,,,,0,,,,,,,,false,false,false,,,,,,,,,,,,,,,
50XD,"RS - ITOCHU Aviation, Inc",50XD,,,Z9,"RS - ITOCHU Aviation, Inc",1251 Avenue of the Americas,,10020,New York,50XD,50XD,,,,,US,NY,001,0001,55397,,USNY100200083,01,01,EN,,,,,,,,,0,0,0,,,,0,,,,,,,,false,false,false,,,,,,,,,,,,,,,
50XE,RS - ITOCHU Automobile America,50XE,,,Z9,RS - ITOCHU Automobile America,1251 Avenue of the Americas,,10020,New York,50XE,50XE,,,,,US,NY,001,0001,55398,,USNY100200083,01,01,EN,,,,,,,,,0,0,0,,,,0,,,,,,,,false,false,false,,,,,,,,,,,,,,,
50XF,"RS - ITOCHU Chemicals, Inc",50XF,,,Z9,"RS - ITOCHU Chemicals, Inc",1251 Avenue of the Americas,,10020,New York,50XF,50XF,,,,,US,NY,001,0001,55399,,USNY100200083,01,01,EN,,,,,,,,,0,0,0,,,,0,,,,,,,,false,false,false,,,,,,,,,,,,,,,
50XG,RS - ICREST International LLC,50XG,,,Z9,RS - ICREST International LLC,1251 Avenue of the Americas,,10020,New York,50XG,50XG,,,,,US,NY,001,0001,55400,,USNY100200083,01,01,EN,,,,,,,,,0,0,0,,,,0,,,,,,,,false,false,false,,,,,,,,,,,,,,,
50XH,RS - ITC Coal Resources Int'l,50XH,,,Z9,RS - ITC Coal Resources Int'l,1251 Avenue of the Americas,,10020,New York,50XH,50XH,,,,,US,NY,001,0001,55401,,USNY100200083,01,01,EN,,,,,,,,,0,0,0,,,,0,,,,,,,,false,false,false,,,,,,,,,,,,,,,
50XI,RS - Isuzu Finance of America,50XI,,,Z9,RS - Isuzu Finance of America,1251 Avenue of the Americas,,10020,New York,50XI,50XI,,,,,US,NY,001,0001,55402,,USNY100200083,01,01,EN,,,,,,,,,0,0,0,,,,0,,,,,,,,false,false,false,,,,,,,,,,,,,,,
50XJ,RS - ITOCHU Prominent USA LLC,50XJ,,,Z9,RS - ITOCHU Prominent USA LLC,1251 Avenue of the Americas,,10020,New York,50XJ,50XJ,,,,,US,NY,001,0001,55403,,USNY100200083,01,01,EN,,,,,,,,,0,0,0,,,,0,,,,,,,,false,false,false,,,,,,,,,,,,,,,
50XK,RS - The Reynolds Company,50XK,,,Z9,RS - The Reynolds Company,1251 Avenue of the Americas,,10020,New York,50XK,50XK,,,,,US,NY,001,0001,55404,,USNY100200083,01,01,EN,,,,,,,,,0,0,0,,,,0,,,,,,,,false,false,false,,,,,,,,,,,,,,,
50XL,RS - TEXMAC Inc,50XL,,CIMAZUS50,Z9,RS - TEXMAC Inc,1251 Avenue of the Americas,,10020,New York,50XL,50XL,,,,,US,NY,001,0001,55304,,USNY100200083,01,01,EN,,,,,,,,,0,0,0,,,,0,,,,,,,,false,false,false,,,,,,,,,,,,,,,
50XX,RS - Payroll Benefits Admin,50XX,,,Z9,,1251 AVENUE OF THE AMERICAS,,10020,NEW YORK,50XX,50XX,,,,,US,NY,,,55238,,USNY100201104,01,01,EN,,,,,,,,,0,0,0,,,,0,,,,,,,,false,false,false,,,,,,,,,,,,,,,
50XZ,RS - ITC Rotational Staff,50XZ,,,Z9,RS - ITC Rotational Staff,1251 Avenue of the Americas,,10020,New York,50XZ,50XZ,,,,,US,NY,001,0001,55239,,USNY100201104,01,01,EN,,,,,,,,,0,0,0,,,,0,,,,,,,,false,false,false,,,,,,,,,,,,,,,
517B,Pulp Department,517B,,,CA,Vancouver,Suite 590-999 Canada Place,,V6C 3E1,Vancouver,517B,517B,,,,,CA,BC,,,51821,,CABC,01,01,EN,,,,,,,,,0,0,0,,,,0,,,,,,,,false,false,false,,,,,,,,,,,,,,,
518A,Lumber/VCR,518A,,,CA,Vancouver,Suite 590-999 Canada Place,,V6C 3E1,Vancouver,518A,518A,,,,,CA,BC,,,35131,,CABC,01,01,EN,,,,,,,,,0,0,0,,,,0,,,,,,,,false,false,false,,,,,,,,,,,,,,,
518B,Log and Lumber #2 Dept./VCR,518B,,,CA,Vancouver,Suite 590-999 Canada Place,,V6C 3E1,Vancouver,518B,518B,,,,,CA,BC,,,35132,,CABC,01,01,EN,,,,,,,,,0,0,0,,,,0,,,,,,,,false,false,false,,,,,,,,,,,,,,,
51A1,Lumber/VCR,51A1,,,CA,Vancouver,,,,,51A1,51A1,,,,,CA,BC,,,35133,,CABC,01,01,EN,,,,,,,,,0,0,0,,,,0,,,,,,,,false,false,false,,,,,,,,,,,,,,,
51A2,Branch Admin/VCR,51A2,,,CA,,,,,,51A2,51A2,,,,,CA,BC,,,35134,,CABC,01,01,EN,,,,,,,,,0,0,0,,,,0,,,,,,,,false,false,false,,,,,,,,,,,,,,,
51F1,ICL1 ADMIN,51F1,,,CA,VANCOUVER,,,,,51F1,51F1,,,,,CA,BC,,,35135,,CABC,01,01,EN,,,,,,,,,0,0,0,,,,0,,,,,,,,false,false,false,,,,,,,,,,,,,,,
51G1,Branch Gen Mgr/VCR,51G1,,,CA,,,,,,51G1,51G1,,,,,CA,BC,,,35136,,CABC,01,01,EN,,,,,,,,,0,0,0,,,,0,,,,,,,,false,false,false,,,,,,,,,,,,,,,
51V1,Equity/VCR,51V1,,,CA,,,,,,51V1,51V1,,,,,CA,BC,,,35137,,CABC,01,01,EN,,,,,,,,,0,0,0,,,,0,,,,,,,,false,false,false,,,,,,,,,,,,,,,
521A,Textile /ITM1,521A,,,US,Mexico City,AV. PASEO DE LA REFORMA 483 PI,,06500,MEXICO D.F. IME9208188B2,521A,521A,,,,,MX,DF,,,41509,,,01,01,EN,,,,,,,,,0,0,0,,,,0,,,,,,,,false,false,false,,,,,,,,,,,,,,,
522A,Plant Project /ITM1,522A,,,US,,,,,,522A,522A,,,,,MX,,,,41588,,,01,01,EN,,,,,,,,,0,0,0,,,,0,,,,,,,,false,false,false,,,,,,,,,,,,,,,
522B,Power Project /ITM1,522B,,,US,Mexico City,AV. PASEO DE LA REFORMA 483 PI,,06500,MEXICO D.F. IME9208188B2,522B,522B,,,,,MX,DF,,,41510,,,01,01,EN,,,,,,,,,0,0,0,,,,0,,,,,,,,false,false,false,,,,,,,,,,,,,,,
522C,CIPSA /ITM1,522C,,,US,Mexico City,AV. PASEO DE LA REFORMA 483 PI,,06500,MEXICO D.F. IME9208188B2,522C,522C,,,,,MX,DF,,,41511,,,01,01,EN,,,,,,,,,0,0,0,,,,0,,,,,,,,false,false,false,,,,,,,,,,,,,,,
523A,Metals Non Ferrous /ITM1,523A,,,US,Mexico City,AV. PASEO DE LA REFORMA 483 PI,,06500,MEXICO D.F. IME9208188B2,523A,523A,,,,,MX,DF,,,41512,,,01,01,EN,,,,,,,,,0,0,0,,,,0,,,,,,,,false,false,false,,,,,,,,,,,,,,,
524A,Food Products /ITM1,524A,,,US,Mexico City,AV. PASEO DE LA REFORMA 483 PI,,06500,MEXICO D.F. IME9208188B2,524A,524A,,,,,MX,DF,,,41513,,,01,01,EN,,,,,,,,,0,0,0,,,,0,,,,,,,,false,false,false,,,,,,,,,,,,,,,
524B,Animal Food /ITM1,524B,,,US,Mexico City,AV. PASEO DE LA REFORMA 483 PI,,06500,MEXICO D.F. IME9208188B2,524B,524B,,,,,MX,DF,,,41514,,,01,01,EN,,,,,,,,,0,0,0,,,,0,,,,,,,,false,false,false,,,,,,,,,,,,,,,
526A,Chemicals 1 /ITM1,526A,,,US,Mexico City,AV. PASEO DE LA REFORMA 483 PI,,06500,MEXICO D.F. IME9208188B2,526A,526A,,,,,MX,DF,,,41515,,,01,01,EN,,,,,,,,,0,0,0,,,,0,,,,,,,,false,false,false,,,,,,,,,,,,,,,
526B,Chemicals 2 QRO /ITM1,526B,,,US,Mexico City,AV. PASEO DE LA REFORMA 483 PI,,06500,MEXICO D.F. IME9208188B2,526B,526B,,,,,MX,DF,,,41516,,,01,01,EN,,,,,,,,,0,0,0,,,,0,,,,,,,,false,false,false,,,,,,,,,,,,,,,
527A,General Merchandise /ITM1,527A,,,US,Mexico City,AV. PASEO DE LA REFORMA 483 PI,,06500,MEXICO D.F. IME9208188B2,527A,527A,,,,,MX,DF,,,41517,,,01,01,EN,,,,,,,,,0,0,0,,,,0,,,,,,,,false,false,false,,,,,,,,,,,,,,,
528A,Information & Communication,528A,,,US,,,,,,528A,528A,,,,,MX,,,,41589,,,01,01,EN,,,,,,,,,0,0,0,,,,0,,,,,,,,false,false,false,,,,,,,,,,,,,,,
52A1,Administration /ITM1,52A1,,,US,,,,,,52A1,52A1,,,,,MX,,,,41590,,,01,01,EN,,,,,,,,,0,0,0,,,,0,,,,,,,,false,false,false,,,,,,,,,,,,,,,
52F1,Finance /ITM1,52F1,,,US,,,,,,52F1,52F1,,,,,MX,,,,41591,,,01,01,EN,,,,,,,,,0,0,0,,,,0,,,,,,,,false,false,false,,,,,,,,,,,,,,,
52T1,Taxes /ITM1,52T1,,,US,,,,,,52T1,52T1,,,,,MX,,,,41592,,,01,01,EN,,,,,,,,,0,0,0,,,,0,,,,,,,,false,false,false,,,,,,,,,,,,,,,
IA3A,Tamaki Rice /ICR1,IA3A,,,Z9,El Segundo,200 N. Pacific Coast Highway #,,90245,El Segundo,IA3A,IA3A,,,,,US,CA,,,35138,,USCA902450000,01,01,EN,,,,,,,,,0,0,0,,,,0,,,,,,,,false,false,false,,,,,,,,,,,,,,,
IA3B,Fresh Food /ICR1,IA3B,,,Z9,El Segundo,200 N. Pacific Coast Highway #,,90245,El Segundo,IA3B,IA3B,,,,,US,CA,,,35139,,USCA902450000,01,01,EN,,,,,,,,,0,0,0,,,,0,,,,,,,,false,false,false,,,,,,,,,,,,,,,
IA4A,Japanese Groceries /ICR1,IA4A,,,Z9,El Segundo,200 N. Pacific Coast Highway #,,90245,El Segundo,IA4A,IA4A,,,,,US,CA,,,35140,,USCA902450000,01,01,EN,,,,,,,,,0,0,0,,,,0,,,,,,,,false,false,false,,,,,,,,,,,,,,,
IA4B,JGP-Misc,IA4B,,,Z9,JGP-Misc,200 N. Pacific Coast Highway #,,90245,El Segundo,IA4B,IA4B,,,,,US,CA,,,55367,,USCA902455668,01,01,EN,,,,,,,,,0,0,0,,,,0,,,,,,,,false,false,false,,,,,,,,,,,,,,,
IA6A,Meat & Livestock/ICR,IA6A,,,Z9,El Segundo,200 N. Pacific Coast Highway #,,90245,El Segundo,IA6A,IA6A,,,,,US,CA,,,35141,,USCA902450000,01,01,EN,,,,,,,,,0,0,0,,,,0,,,,,,,,false,false,false,,,,,,,,,,,,,,,
IA7A,Food Marketing&Dist.Dept.1/ICR,IA7A,,,Z9,El Segundo,200 N. Pacific Coast Highway #,,90245,El Segundo,IA7A,IA7A,,,,,US,CA,,,35142,,USCA902450000,01,01,EN,,,,,,,,,0,0,0,,,,0,,,,,,,,false,false,false,,,,,,,,,,,,,,,
IA8A,Dairy /ICR1,IA8A,,,Z9,El Segundo,200 N. Pacific Coast Highway #,,90245,El Segundo,IA8A,IA8A,,,,,US,CA,,,35143,,USCA902450000,01,01,EN,,,,,,,,,0,0,0,,,,0,,,,,,,,false,false,false,,,,,,,,,,,,,,,
IA9A,Prima /ICR1,IA9A,,,Z9,El Segundo,200 N. Pacific Coast Highway #,,90245,El Segundo,IA9A,IA9A,,,,,US,CA,,,35144,,USCA902450000,01,01,EN,,,,,,,,,0,0,0,,,,0,,,,,,,,false,false,false,,,,,,,,,,,,,,,
IAA1,Acctg & Finance/ICR1,IAA1,,,Z9,,,,,,IAA1,IAA1,,,,,US,,,,35145,,,01,01,EN,,,,,,,,,0,0,0,,,,0,,,,,,,,false,false,false,,,,,,,,,,,,,,,
IAF1,Fund Control/Cap/ICR,IAF1,,,Z9,,,,,,IAF1,IAF1,,,,,US,,,,35146,,,01,01,EN,,,,,,,,,0,0,0,,,,0,,,,,,,,false,false,false,,,,,,,,,,,,,,,
IB3A,Domestic,IB3A,,,Z9,San Francisco,1 Sansome Street Suite 2000,,94104-4448,San Francisco,IB3A,IB3A,,,,,US,CA,001,0001,35147,,USCA941044448,01,01,EN,,,,,,,,,0,0,0,,,,0,,,,,,,,false,false,false,,,,,,,,,,,,,,,
IB4A,International,IB4A,,,Z9,San Francisco,1 Sansome Street Suite 2000,,94104-4448,San Francisco,IB4A,IB4A,,,,,US,CA,,,35148,,USCA941044448,01,01,EN,,,,,,,,,0,0,0,,,,0,,,,,,,,false,false,false,,,,,,,,,,,,,,,
IB4B,RITO Partnership,IB4B,,,Z9,San Francisco,1 Sansome Street Suite 2000,,94104-4448,San Francisco,IB4B,IB4B,,,,,US,CA,,,35149,,USCA941044448,01,01,EN,,,,,,,,,0,0,0,,,,0,,,,,,,,false,false,false,,,,,,,,,,,,,,,
IBA1,Administration,IBA1,,,Z9,,,,,,IBA1,IBA1,,,,,US,,,,35150,,,01,01,EN,,,,,,,,,0,0,0,,,,0,,,,,,,,false,false,false,,,,,,,,,,,,,,,
IBC1,Corp. Planning,IBC1,,,Z9,,,,,,IBC1,IBC1,,,,,US,,,,35151,,,01,01,EN,,,,,,,,,0,0,0,,,,0,,,,,,,,false,false,false,,,,,,,,,,,,,,,
IBE1,CEO Office,IBE1,,,Z9,,,,,,IBE1,IBE1,,,,,US,,,,35152,,,01,01,EN,,,,,,,,,0,0,0,,,,0,,,,,,,,false,false,false,,,,,,,,,,,,,,,
IBF1,Funds Control,IBF1,,,Z9,EW York,,,,,IBF1,IBF1,,,,,US,,,,35153,,,01,01,EN,,,,,,,,,0,0,0,,,,0,,,,,,,,false,false,false,,,,,,,,,,,,,,,
IBR1,Risk Management,IBR1,,,Z9,,,,,,IBR1,IBR1,,,,,US,,,,35154,,,01,01,EN,,,,,,,,,0,0,0,,,,0,,,,,,,,false,false,false,,,,,,,,,,,,,,,
IBT1,Tax Department,IBT1,,,Z9,,1 Sansome Street Suite 2000,,94104-4448,San Francisco,IBT1,IBT1,,,,,US,CA,001,0001,49817,,USCA941044448,01,01,EN,,,,,,,,,0,0,0,,,,0,,,,,,,,false,false,false,,,,,,,,,,,,,,,
IC1A,AHN Domestic /QTIA,IC1A,,,Z9,Elgin,1707 N. RANDALL RD.  #300,,60123,ELGIN,IC1A,IC1A,,,,,US,IL,001,0001,35155,,USIL601230000,01,01,EN,,,,,,,,,0,0,0,,,,0,,,,,,,,false,false,false,,,,,,,,,,,,,,,
IC2A,AHN International /QTIA,IC2A,,,Z9,Elgin,1707 N. RANDALL RD.  #300,,60123,ELGIN,IC2A,IC2A,,,,,US,IL,,,35156,,USIL601230000,01,01,EN,,,,,,,,,0,0,0,,,,0,,,,,,,,false,false,false,,,,,,,,,,,,,,,
IC3A,Feed Ingredients /QTIA,IC3A,,,Z9,Elgin,1707 N. RANDALL RD.  #300,,60123,ELGIN,IC3A,IC3A,,,,,US,IL,,,35157,,USIL601230000,01,01,EN,,,,,,,,,0,0,0,,,,0,,,,,,,,false,false,false,,,,,,,,,,,,,,,
IC4A,Lab Services /QTIA,IC4A,,,Z9,Elgin,1707 N. RANDALL RD.  #300,,60123,ELGIN,IC4A,IC4A,,,,,US,IL,,,35158,,USIL601230000,01,01,EN,,,,,,,,,0,0,0,,,,0,,,,,,,,false,false,false,,,,,,,,,,,,,,,
IC5A,New Business Develop,IC5A,,,Z9,,,,,,IC5A,IC5A,,,,,US,,,,35159,,,01,01,EN,,,,,,,,,0,0,0,,,,0,,,,,,,,false,false,false,,,,,,,,,,,,,,,
ICA2,Administration /QTIA,ICA2,,,Z9,,,,,,ICA2,ICA2,,,,,US,,,,35160,,,01,01,EN,,,,,,,,,0,0,0,,,,0,,,,,,,,false,false,false,,,,,,,,,,,,,,,
ICF1,Funds Control /QTIA,ICF1,,,Z9,,,,,,ICF1,ICF1,,,,,US,,,,35161,,,01,01,EN,,,,,,,,,0,0,0,,,,0,,,,,,,,false,false,false,,,,,,,,,,,,,,,
ID3A,Mens Textile & Apparel /NYK,ID3A,,,Z9,New York,"214 West 38th Street, 11th Flo",,10018,New York,ID3A,ID3A,,,,,US,NY,001,0001,44408,,USNY100180000,01,01,EN,,,,,,,,,0,0,0,,,,0,,,,,,,,false,false,false,,,,,,,,,,,,,,,
ID3B,Men's Licensing /NYK,ID3B,,,Z9,New York,"214 West 38th Street, 11th Flo",,10018,New York,ID3B,ID3B,,,,,US,NY,001,0001,44409,,USNY100180000,01,01,EN,,,,,,,,,0,0,0,,,,0,,,,,,,,false,false,false,,,,,,,,,,,,,,,
ID3C,Vince Camuto /NYK,ID3C,,,Z9,New York,"214 West 38th Street, 11th Flo",,10018,New York,ID3C,ID3C,,,,,US,NY,001,0001,44410,,USNY100180000,01,01,EN,,,,,,,,,0,0,0,,,,0,,,,,,,,false,false,false,,,,,,,,,,,,,,,
ID3D,PE Shirt /NYK,ID3D,,,Z9,New York,"214 West 38th Street, 11th Flo",,10018,New York,ID3D,ID3D,,,,,US,NY,001,0001,44411,,USNY100180000,01,01,EN,,,,,,,,,0,0,0,,,,0,,,,,,,,false,false,false,,,,,,,,,,,,,,,
ID3E,Ryan Seacrest /NYK,ID3E,,,Z9,New York,"214 West 38th Street, 11th Flo",,10018,New York,ID3E,ID3E,,,,,US,NY,001,0001,44412,,USNY100180000,01,01,EN,,,,,,,,,0,0,0,,,,0,,,,,,,,false,false,false,,,,,,,,,,,,,,,
ID3F,State of Matter /NYK,ID3F,,,Z9,New York,"214 West 38th Street, 11th Flo",,10018,New York,ID3F,ID3F,,,,,US,NY,001,0001,44413,,USNY100180000,01,01,EN,,,,,,,,,0,0,0,,,,0,,,,,,,,false,false,false,,,,,,,,,,,,,,,
ID3G,Lands' End /NYK,ID3G,,,Z9,New York,"214 West 38th Street, 11th Flo",,90017,Los Angeles,ID3G,ID3G,,,,,US,CA,001,0001,44414,,USCA900370000,01,01,EN,,,,,,,,,0,0,0,,,,0,,,,,,,,false,false,false,,,,,,,,,,,,,,,
ID3H,Studio.R330,ID3H,,,Z9,Studio.R330,"214 West 38th Street, 11th Flo",,10018,New York,ID3H,ID3H,,,,,US,NY,001,0001,54899,,USNY100180000,01,01,EN,,,,,,,,,0,0,0,,,,0,,,,,,,,false,false,false,,,,,,,,,,,,,,,
ID3I,Gramicci,ID3I,,,Z9,Gramicci,"214 West 38th Street, 11th Flo",,10018,New York,ID3I,ID3I,,,,,US,NY,001,0001,55026,,USNY100180000,01,01,EN,,,,,,,,,0,0,0,,,,0,,,,,,,,false,false,false,,,,,,,,,,,,,,,
ID4B,Textile & Apparel /NYK,ID4B,,,Z9,New York,"214 West 38th Street, 11th Flo",,10018,New York,ID4B,ID4B,,,,,US,NY,001,0001,44415,,USNY100180000,01,01,EN,,,,,,,,,0,0,0,,,,0,,,,,,,,false,false,false,,,,,,,,,,,,,,,
ID4C,Brand Marketing No. 1 /NYK,ID4C,,,Z9,New York,"214 West 38th Street, 11th Flo",,10018,New York,ID4C,ID4C,,,,,US,NY,001,0001,44416,,USNY100180000,01,01,EN,,,,,,,,,0,0,0,,,,0,,,,,,,,false,false,false,,,,,,,,,,,,,,,
ID4D,LeSportsac-NA /NYK,ID4D,,,Z9,New York,"214 West 38th Street, 11th Flo",,10018,New York,ID4D,ID4D,,,,,US,NY,001,0001,44417,,USNY100180000,01,01,EN,,,,,,,,,0,0,0,,,,0,,,,,,,,false,false,false,,,,,,,,,,,,,,,
ID4E,Brand Marketing No. 2 /NYK,ID4E,,,Z9,New York,"214 West 38th Street, 11th Flo",,10018,New York,ID4E,ID4E,,,,,US,NY,001,0001,44418,,USNY100180000,01,01,EN,,,,,,,,,0,0,0,,,,0,,,,,,,,false,false,false,,,,,,,,,,,,,,,
ID4R,Advance Textile /NYK,ID4R,,,Z9,New York,"214 West 38th Street, 11th Flo",,10018,New York,ID4R,ID4R,,,,,US,NY,001,0001,44419,,USNY100180000,01,01,EN,,,,,,,,,0,0,0,,,,0,,,,,,,,false,false,false,,,,,,,,,,,,,,,
ID5A,JOOR /NYK,ID5A,,,,New York,,,,,ID5A,ID5A,,,,,US,,,,44420,,,01,01,EN,,,,,,,,,0,0,0,,,,0,,,,,,,,false,false,false,,,,,,,,,,,,,,,
ID5C,Industrial Textile /NYK,ID5C,,,Z9,New York,"214 West 38th Street, 11th Flo",,10018,New York,ID5C,ID5C,,,,,US,NY,001,0001,44421,,USNY100180000,01,01,EN,,,,,,,,,0,0,0,,,,0,,,,,,,,false,false,false,,,,,,,,,,,,,,,
IDA1,Prominent U.S.A. Inc./NYK,IDA1,,,Z9,New York,"214 West 38th Street, 11th Flo",,10018,New York,IDA1,IDA1,,,,,US,NY,001,0001,44422,,USNY100180000,01,01,EN,,,,,,,,,0,0,0,,,,0,,,,,,,,false,false,false,,,,,,,,,,,,,,,
IDF1,Fund Control,IDF1,,,,New York,,,,,IDF1,IDF1,,,,,US,,,,44423,,,01,01,EN,,,,,,,,,0,0,0,,,,0,,,,,,,,false,false,false,,,,,,,,,,,,,,,
IDI1,Information Systems / NYK,IDI1,,,,New York,,,,,IDI1,IDI1,,,,,US,,,,44424,,,01,01,EN,,,,,,,,,0,0,0,,,,0,,,,,,,,false,false,false,,,,,,,,,,,,,,,
IDL1,Lease Entry,IDL1,,,,New York,,,,,IDL1,IDL1,,,,,US,,,,44425,,,01,01,EN,,,,,,,,,0,0,0,,,,0,,,,,,,,false,false,false,,,,,,,,,,,,,,,
JB1A,Machinery Division /MTMI,JB1A,,,US,Aquascalientes,AV LAS AMERICAS 1701 PISO 8 OF,,20235,Aquascalientes,JB1A,JB1A,,,,,MX,AGS,,,41518,,,01,01,EN,,,,,,,,,0,0,0,,,,0,,,,,,,,false,false,false,,,,,,,,,,,,,,,
JB1B,SUS Division /MTMI,JB1B,,,US,Aquascalientes,AV LAS AMERICAS 1701 PISO 8 OF,,20235,Aquascalientes,JB1B,JB1B,,,,,MX,AGS,,,41519,,,01,01,EN,,,,,,,,,0,0,0,,,,0,,,,,,,,false,false,false,,,,,,,,,,,,,,,
JBA1,Administration Division /MTMI,JBA1,,,US,,,,,,JBA1,JBA1,,,,,MX,,,,41593,,,01,01,EN,,,,,,,,,0,0,0,,,,0,,,,,,,,false,false,false,,,,,,,,,,,,,,,
JC1A,Steel-Vancouver/MISC,JC1A,,,Z9,Vancouver,Suite 710 - 4720 Kingsway,,V5H 4N2,Burnaby,JC1A,JC1A,,,,,CA,BC,,,41520,,CABC,01,01,EN,,,,,,,,,0,0,0,,,,0,,,,,,,,false,false,false,,,,,,,,,,,,,,,
JC2A,Steel-Toronto/MISC,JC2A,,,Z9,Toronto,Suite 1075 - 3280 Bloor Street,,M8X 2X3,Toronto,JC2A,JC2A,,,,,CA,ON,,,41521,,CAON,01,01,EN,,,,,,,,,0,0,0,,,,0,,,,,,,,false,false,false,,,,,,,,,,,,,,,
JCF1,Administration/MISC,JCF1,,,Z9,,,,,,JCF1,JCF1,,,,,CA,,,,41594,,,01,01,EN,,,,,,,,,0,0,0,,,,0,,,,,,,,false,false,false,,,,,,,,,,,,,,,
JDA1,ADMINISTRATIVE DEPT,JDA1,,,Z9,Los Angeles,222 North Pacific Coast Highwa,,90245-0997,El Segundo,JDA1,JDA1,,,,,US,CA,001,0001,51906,,USCA902455629,01,01,EN,,,,,,,,,0,0,0,,,,0,,,,,,,,false,false,false,,,,,,,,,,,,,,,
JDB1,BUSINESS DEPT,JDB1,,,Z9,Los Angeles,222 North Pacific Coast Highwa,,90245-0997,El Segundo,JDB1,JDB1,,,,,US,CA,001,0001,51907,,USCA902455629,01,01,EN,,,,,,,,,0,0,0,,,,0,,,,,,,,false,false,false,,,,,,,,,,,,,,,
